URL,Title,"Content Type",Category,Topic,Status,"Created At","Updated At","Organic Clicks 3M","Organic Clicks 12M",Impressions,"Avg Position",Backlinks,Action,"Redirect URL",Priority,Note
/blog/huong-dan-unity-2023-tinh-nang-moi,"Hướng dẫn Unity 2023 - Những tính năng mới đáng chú ý",blog,"Unity Development","Game Engine",active,"2025-09-05 11:27:18","2025-10-05 16:59:08",,,,,,,,,
/blog/csharp-co-ban-cho-game-developer,"C# Cơ bản cho Game Developer - Từ Hello World đến MonoBehaviour",blog,General,"Game Development",active,"2025-09-05 11:27:18","2025-10-05 05:44:13",,,,,,,,,
/blog/toi-uu-hoa-performance-game-mobile-unity,"Tối ưu hóa Performance Game Mobile với Unity",blog,"Unity Development","Game Engine",active,"2025-09-05 11:27:18","2025-10-05 17:04:40",,,,,,,,,
/blog/game-design-101-nguyen-tac-thiet-ke-game,"Game Design 101: Nguyên tắc thiết kế game hiệu quả",blog,"Game Design","Game Design",active,"2025-09-05 11:27:18","2025-10-05 17:07:54",,,,,,,,,
/blog/csgo-danh-gia-chi-tiet-game-fps-huyen-thoai-2024,"CS:GO - Đánh giá chi tiết game FPS huyền thoại vẫn hot nhất 2024",blog,"AI Game Dev","Game Development",active,"2025-09-05 14:03:49","2025-10-05 19:13:34",,,,,,,,,
/blog/pubg-game-sinh-ton-battle-royale-gay-nghien-nhat,"PUBG - Game sinh tồn Battle Royale gây nghiện nhất thế giới",blog,General,"Game Development",active,"2025-09-05 14:07:37","2025-10-05 20:11:27",,,,,,,,,
/blog/top-10-game-pc-cu-nhung-van-cuc-hay-2024,"League of Legends - Game MOBA số 1 thế giới năm 2024",blog,General,"Game Development",active,"2025-09-05 14:09:12","2025-10-05 20:22:59",,,,,,,,,
/blog/grand-chase-m-game-nhap-vai-hanh-dong-anime-3d-sieu-hot,"FIFA Online 4 - Game bóng đá ảo số 1 Việt Nam 2024",blog,"3D Game","Game Development",active,"2025-09-05 14:11:54","2025-10-07 04:40:16",,,,,,,,,
/blog/top-15-game-mien-phi-hay-nhat-tren-steam-2024,"Top 15 Game Miễn Phí Hay Nhất Trên Steam 2024",blog,General,"Game Development",active,"2025-09-05 14:14:49","2025-10-05 18:49:03",,,,,,,,,
/blog/5kitu-game-ghep-chu-tieng-viet-gay-nghien,"5Kitu - Game ghép chữ tiếng Việt gây nghiện",blog,General,"Game Development",active,"2025-09-05 20:22:54","2025-10-05 21:06:49",,,,,,,,,
/blog/borderlands-2-game-ban-sung-rpg-hap-dan,"Borderlands 2 - Game bắn súng RPG hấp dẫn",blog,General,"Game Development",active,"2025-09-05 20:23:07","2025-10-05 21:13:58",,,,,,,,,
/blog/boss-boxing-game-dam-boc-mobile-song-dong,"Boss Boxing - Game đấm bốc mobile sống động",blog,"Mobile Game","Game Development",active,"2025-09-05 20:23:16","2025-10-05 21:19:56",,,,,,,,,
/blog/overwatch-cap-nhat-ban-do-eichenwald-moi,"Overwatch - Cập nhật bản đồ Eichenwald mới",blog,General,"Game Development",active,"2025-09-05 20:23:18","2025-10-05 21:39:17",,,,,,,,,
/blog/bo-suu-tap-chuot-gaming-chat-luong-cao,"Bộ sưu tập chuột gaming chất lượng cao",blog,General,"Game Development",active,"2025-09-05 20:23:22","2025-10-05 22:51:46",,,,,,,,,
/blog/cs-go-danh-gia-chi-tiet-game-fps-huyen-thoai,"CS:GO - Đánh giá chi tiết game FPS huyền thoại",blog,"AI Game Dev","Game Development",active,"2025-09-05 20:23:25","2025-10-05 22:44:32",,,,,,,,,
/blog/captain-heroes-game-sieu-anh-hung-mobile,"Captain Heroes - Game siêu anh hùng mobile",blog,"Mobile Game","Game Development",active,"2025-09-05 20:23:29","2025-10-06 04:39:44",,,,,,,,,
/blog/cartel-kings-game-chien-thuat-b-ng-dang,"Cartel Kings - Game chiến thuật băng đảng",blog,General,"Game Development",active,"2025-09-05 20:23:30","2025-10-06 04:47:06",,,,,,,,,
/blog/deadwalk-the-last-war-game-zombie-sinh-ton,"Deadwalk: The Last War - Game zombie sinh tồn",blog,General,"Game Development",active,"2025-09-05 20:23:32","2025-10-06 14:53:41",,,,,,,,,
/blog/10-tua-game-pc-cu-hay-tuyet-ma-ban-khong-nen-bo-qua,"10 tựa game PC cũ ""hay tuyệt"" mà bạn không nên bỏ qua",blog,General,"Game Development",active,"2025-09-05 20:27:48","2025-10-06 14:56:33",,,,,,,,,
/blog/dirty-bomb-game-fps-mien-phi-hay-nhat-tu-splash-damage,"Dirty Bomb - Game FPS miễn phí hay nhất từ Splash Damage",blog,General,"Game Development",active,"2025-09-05 21:29:33","2025-10-06 14:59:02",,,,,,,,,
/blog/dirty-bomb-danh-gia-chi-tiet-game-fps-mien-phi,"Dirty Bomb - Đánh giá chi tiết game FPS miễn phí",blog,General,"Game Development",active,"2025-09-05 21:29:37","2025-10-06 15:01:54",,,,,,,,,
/blog/resident-evil-7-ac-mong-kinh-hoang-tro-lai,"Resident Evil 7 - Ác mộng kinh hoàng trở lại",blog,"AI Game Dev","Game Development",active,"2025-09-05 21:29:38","2025-10-06 15:06:14",,,,,,,,,
/blog/pubg-ly-do-thu-hut-hang-trieu-nguoi-choi-tren-toan-the-gioi,"PUBG - Lý do thu hút hàng triệu người chơi trên toàn thế giới",blog,General,"Game Development",active,"2025-09-05 21:29:38","2025-10-05 03:11:28",,,,,,,,,
/blog/bayonetta-vanquish-ban-cap-nhat-moi-cho-pc,"Bayonetta & Vanquish - Bản cập nhật mới cho PC",blog,General,"Game Development",active,"2025-09-05 21:29:41","2025-10-05 03:03:27",,,,,,,,,
/blog/call-of-duty-wwii-su-tro-lai-cua-thoi-ky-the-chien-2,"Call of Duty WWII - Sự trở lại của thời kỳ Thế chiến 2",blog,"AI Game Dev","Game Development",active,"2025-09-05 21:29:45","2025-10-05 02:49:54",,,,,,,,,
/blog/dota-2-valve-yeu-cau-so-dien-thoai-cho-ranked-match,"Dota 2 - Valve yêu cầu số điện thoại cho Ranked Match",blog,"AI Game Dev","Game Development",active,"2025-09-05 21:29:49","2025-10-05 02:31:37",,,,,,,,,
/blog/top-5-game-dau-nao-nhung-cuc-hay-phan-1,"Top 5 game ""đau não"" nhưng cực hay (Phần 1)",blog,General,"Game Development",active,"2025-09-05 21:30:01","2025-10-05 02:21:24",,,,,,,,,
/blog/top-5-game-dau-nao-nhung-cuc-hay-phan-2,"Top 5 game ""đau não"" nhưng cực hay (Phần 2)",blog,General,"Game Development",active,"2025-09-05 21:30:07","2025-10-05 02:10:44",,,,,,,,,
/blog/grand-chase-m-game-nhap-vai-hanh-dong-mobile-tuyet-voi,"Grand Chase M - Game nhập vai hành động mobile tuyệt vời",blog,"Mobile Game","Game Development",active,"2025-09-05 21:30:09","2025-10-04 23:47:37",,,,,,,,,
/blog/grand-sphere-game-mobile-rpg-voi-do-hoa-tuyet-dep,"Grand Sphere - Game mobile RPG với đồ họa tuyệt đẹp",blog,"Mobile Game","Game Development",active,"2025-09-05 21:30:12","2025-10-04 23:44:01",,,,,,,,,
/blog/hit-game-mobile-hanh-dong-cuc-hap-dan,"HIT - Game mobile hành động cực hấp dẫn",blog,"Mobile Game","Game Development",active,"2025-09-05 21:30:15","2025-10-04 21:28:18",,,,,,,,,
/blog/hidden-heroes-game-chien-thuat-an-danh-hay-ho,"Hidden Heroes - Game chiến thuật ẩn danh hay ho",blog,General,"Game Development",active,"2025-09-05 21:30:17","2025-10-04 21:13:10",,,,,,,,,
/blog/hungry-shark-evolution-cuoc-phieu-luu-cua-ca-map-doi,"Hungry Shark Evolution - Cuộc phiêu lưu của cá mập đói",blog,General,"Game Development",active,"2025-09-05 21:30:23","2025-10-04 21:04:40",,,,,,,,,
/blog/hunter-apocalypse-s-n-lung-zombie-trong-tan-the,"Hunter Apocalypse - Săn lùng zombie trong tận thế",blog,General,"Game Development",active,"2025-09-05 21:30:24","2025-10-04 21:00:41",,,,,,,,,
/blog/insurgency-game-fps-chien-thuat-quan-phien-loan,"Insurgency - Game FPS chiến thuật quân phiến loạn",blog,General,"Game Development",active,"2025-09-05 21:30:27","2025-10-05 17:58:11",,,,,,,,,
/blog/ire-blood-memory-game-nhap-vai-hanh-dong-day-mau-me,"Ire: Blood Memory - Game nhập vai hành động đầy máu me",blog,"AI Game Dev","Game Development",active,"2025-09-05 21:30:30","2025-10-04 20:43:13",,,,,,,,,
/blog/marvel-contest-of-champions-dai-chien-sieu-anh-hung,"Marvel Contest of Champions - Đại chiến siêu anh hùng",blog,"AI Game Dev","Game Development",active,"2025-09-05 21:30:33","2025-10-04 20:37:51",,,,,,,,,
/blog/million-arthur-game-the-bai-chien-thuat-hay-nhat,"Million Arthur - Game thẻ bài chiến thuật hay nhất",blog,"AI Game Dev","Game Development",active,"2025-09-05 21:30:33","2025-10-04 20:32:31",,,,,,,,,
/blog/minidom-game-chien-thuat-thoi-gian-thuc-mini,"Minidom - Game chiến thuật thời gian thực mini",blog,General,"Game Development",active,"2025-09-05 21:30:45","2025-10-04 20:27:33",,,,,,,,,
/blog/pes-club-manager-game-quan-ly-bong-da-chuyen-nghiep,"PES Club Manager - Game quản lý bóng đá chuyên nghiệp",blog,General,"Football Game",active,"2025-09-05 21:44:12","2025-10-07 04:36:18",,,,,,,,,
/blog/resident-evil-0-hd-remaster-kinh-di-sinh-ton-kinh-dien,"Resident Evil 0 HD Remaster - Kinh dị sinh tồn kinh điển",blog,General,"Game Development",active,"2025-09-05 21:44:19","2025-10-05 03:17:04",,,,,,,,,
/blog/sonic-dash-2-sonic-boom-endless-runner-toc-do,"Sonic Dash 2: Sonic Boom - Endless runner tốc độ",blog,General,"Game Development",active,"2025-09-05 21:44:31","2025-10-05 02:57:09",,,,,,,,,
/blog/do-hoa-man-nhan-cua-game-online-phuong-dong,"Đồ họa mãn nhãn của game online phương Đông",blog,General,"Game Development",active,"2025-09-05 21:44:31","2025-10-05 02:43:44",,,,,,,,,
/blog/nintendo-new-2ds-xl-may-choi-game-cam-tay-moi,"Nintendo New 2DS XL - Máy chơi game cầm tay mới",blog,"2D Game","Game Development",active,"2025-09-05 21:44:32","2025-10-05 02:17:15",,,,,,,,,
/blog/top-5-game-rpg-mini-moi-tren-android-va-ios,"Top 5 game RPG mini mới trên Android và iOS",blog,"Mobile Game","Game Development",active,"2025-09-05 21:44:39","2025-10-05 02:05:59",,,,,,,,,
/blog/riot-tiet-lo-tuong-moi-lien-minh-huyen-thoai,"Riot tiết lộ tướng mới Liên Minh Huyền Thoại",blog,"AI Game Dev","Game Development",active,"2025-09-05 21:44:46","2025-10-04 21:32:16",,,,,,,,,
/blog/top-3-trang-bi-op-trong-lien-minh-huyen-thoai-esports,"Top 3 trang bị OP trong Liên Minh Huyền Thoại Esports",blog,"AI Game Dev",Sport,active,"2025-09-05 21:44:48","2025-10-04 21:24:03",,,,,,,,,
/blog/dot-kich-top-5-tips-zombie-v4-map-hoang-l-ng,"Đột Kích - Top 5 tips Zombie V4 map Hoàng Lăng",blog,General,"Game Development",active,"2025-09-05 21:44:52","2025-10-05 18:07:00",,,,,,,,,
/blog/deformers-game-online-tu-the-order-1886-open-beta,"Deformers - Game online từ The Order 1886 Open Beta",blog,General,"Game Development",active,"2025-09-05 21:44:53","2025-10-04 20:52:18",,,,,,,,,
/blog/top-game-online-phong-cach-hoat-hinh-doc-dao,"Top game online phong cách hoạt hình độc đáo",blog,General,"Game Development",active,"2025-09-05 21:44:55","2025-10-04 18:58:05",,,,,,,,,
/blog/riot-he-lo-tuong-thu-135-cua-lien-minh-huyen-thoai,"Riot hé lộ tướng thứ 135 của Liên Minh Huyền Thoại",blog,"AI Game Dev","Game Development",active,"2025-09-05 21:45:01","2025-10-04 18:28:02",,,,,,,,,
/blog/top-5-game-fps-mien-phi-tuyet-hay-tren-android,"Top 5 game FPS miễn phí tuyệt hay trên Android",blog,"Mobile Game","Game Development",active,"2025-09-05 21:45:02","2025-10-04 20:22:02",,,,,,,,,
/blog/top-15-game-dua-xe-mobile-hap-dan-nhat,"Top 15 game đua xe mobile hấp dẫn nhất",blog,"Mobile Game","Game Development",active,"2025-09-05 21:45:09","2025-10-04 19:59:01",,,,,,,,,
/blog/call-of-duty-mobile-game-tu-cha-de-candy-crush,"Call of Duty Mobile - Game từ cha đẻ Candy Crush",blog,"Mobile Game","Game Development",active,"2025-09-05 21:45:12","2025-10-04 19:50:26",,,,,,,,,
/blog/modern-combat-versus-fps-dau-mang-tu-gameloft,"Modern Combat Versus - FPS đấu mạng từ Gameloft",blog,General,"Game Development",active,"2025-09-05 21:45:15","2025-10-04 19:44:43",,,,,,,,,
/blog/transformers-mobile-do-hoa-dep-nhat-tu-truoc-den-nay,"Transformers Mobile - Đồ họa đẹp nhất từ trước đến nay",blog,"Mobile Game","Game Development",active,"2025-09-05 21:45:16","2025-10-04 19:34:12",,,,,,,,,
/blog/xbox-project-scorpio-thong-so-khung-vuot-ps4-pro,"Xbox Project Scorpio - Thông số khủng vượt PS4 Pro",blog,General,"Game Development",active,"2025-09-05 21:45:25","2025-10-04 19:30:14",,,,,,,,,
/blog/top-game-offline-phong-cach-anime-tuyet-dep,"Top game offline phong cách Anime tuyệt đẹp",blog,General,"Game Development",active,"2025-09-05 21:45:27","2025-10-04 18:24:50",,,,,,,,,
/blog/quake-champions-game-fps-mien-phi-cau-hinh-nhe,"Quake Champions - Game FPS miễn phí cấu hình nhẹ",blog,General,"Game Development",active,"2025-09-05 21:45:31","2025-10-04 18:22:33",,,,,,,,,
/blog/tong-hop-game-offline-mobile-mien-phi-hay-nhat,"Tổng hợp game offline mobile miễn phí hay nhất",blog,"Mobile Game","Game Development",active,"2025-09-05 21:45:32","2025-10-04 19:07:38",,,,,,,,,
/blog/lich-su-zombie-trong-video-game-tai-sao-pho-bien,"Lịch sử Zombie trong Video Game - Tại sao phổ biến?",blog,"AI Game Dev","Game Development",active,"2025-09-05 21:45:33","2025-10-04 18:17:34",,,,,,,,,
/blog/top-game-online-dang-choi-ngay-khi-ra-mat-2024,"Top game online đáng chơi ngay khi ra mắt 2024",blog,General,"Game Development",active,"2025-09-05 21:45:38","2025-10-04 18:08:26",,,,,,,,,
/blog/brawl-of-ages-game-the-bai-chien-thuat-mien-phi,"Brawl of Ages - Game thẻ bài chiến thuật miễn phí",blog,"AI Game Dev","Game Development",active,"2025-09-05 21:45:42","2025-10-04 18:05:58",,,,,,,,,
/blog/top-5-game-the-gioi-mo-hay-nhat-cua-gameloft,"Top 5 game thế giới mở hay nhất của Gameloft",blog,General,"Game Development",active,"2025-09-05 21:45:47","2025-10-04 18:02:39",,,,,,,,,
/blog/top-8-game-truong-ton-theo-thoi-gian,"Top 8 game ""trường tồn"" theo thời gian",blog,General,"Game Development",active,"2025-09-05 21:45:50","2025-10-04 18:00:21",,,,,,,,,
/blog/top-5-game-android-phong-cach-minecraft,"Top 5 game Android phong cách Minecraft",blog,"Mobile Game","Game Development",active,"2025-09-05 21:45:53","2025-10-04 16:18:24",,,,,,,,,
/blog/star-wars-battlefront-2-game-ban-sung-khung-2017,"Star Wars Battlefront 2 - Game bắn súng khủng 2017",blog,General,"Game Development",active,"2025-09-05 21:45:56","2025-10-04 16:12:13",,,,,,,,,
/blog/10-game-mien-phi-tren-steam-sieu-hay-2024,"10 game miễn phí trên Steam siêu hay 2024",blog,General,"Game Development",active,"2025-09-05 21:45:59","2025-10-04 01:05:59",,,,,,,,,
/blog/life-is-feudal-game-mmo-thoi-trung-co,"Life is Feudal - Game MMO thời trung cổ",blog,General,"Game Development",active,"2025-09-05 21:46:02","2025-10-04 01:00:26",,,,,,,,,
/blog/top-game-online-danh-cho-fan-manga-anime,"Top game online dành cho fan Manga Anime",blog,General,"Game Development",active,"2025-09-05 21:46:05","2025-10-04 00:48:34",,,,,,,,,
/blog/azera-iron-heart-game-nhap-vai-18-mobile,"Azera Iron Heart - Game nhập vai 18+ mobile",blog,"Mobile Game","Game Development",active,"2025-09-05 21:46:12","2025-10-04 00:42:32",,,,,,,,,
/blog/starcraft-mien-phi-phien-ban-cho-khong-tu-blizzard,"StarCraft miễn phí - Phiên bản ""cho không"" từ Blizzard",blog,General,"Game Development",active,"2025-09-05 21:46:18","2025-10-04 00:15:13",,,,,,,,,
/blog/top-8-game-thu-thach-nao-bo-cuc-hay,"Top 8 game thử thách não bộ cực hay",blog,General,"Game Development",active,"2025-09-05 21:46:25","2025-10-04 19:01:47",,,,,,,,,
/blog/the-walking-dead-no-man-s-land-khi-cai-chet-troi-day,"The Walking Dead: No Man's Land - Khi cái chết trỗi dậy",blog,"AI Game Dev","Game Development",active,"2025-09-05 15:00:09","2025-10-05 20:16:09",,,,,,,,,
/blog/this-war-of-mine-phan-anh-nguoi-trong-chien-tranh,"This War of Mine - Phản ánh người trong chiến tranh",blog,General,"Game Development",active,"2025-09-05 15:00:14","2025-10-05 18:26:49",,,,,,,,,
/blog/tools-phat-trien-game-html5-tot-nhat-2024,"Tools phát triển game HTML5 tốt nhất 2024",blog,General,"Game Development",active,"2025-09-05 15:00:19","2025-10-05 18:38:25",,,,,,,,,
/blog/free-fire-arena-tong-ket-giai-đau-ffa,"Free Fire Arena - Tổng kết giải đấu FFA",blog,"AI Game Dev","Game Development",active,"2025-09-05 15:00:27","2025-10-05 17:17:34",,,,,,,,,
/blog/review-gunbound-legend-vtc-huyen-thoai-ban-sung-toa-đo-hoi-sinh-hay-chi-la-binh-moi-ruou-cu,"Review Gunbound Legend (VTC): Huyền Thoại Bắn Súng Tọa Độ Hồi Sinh Hay Chỉ Là Bình Mới Rượu Cũ ?",blog,"AI Game Dev","Game Development",active,"2025-12-23 18:01:56","2025-12-23 18:01:56",,,,,,,,,
/blog/top-game-coop-noel-2025-san-sale-steam,"Top 5 Game Co-op ""Cực Cháy"" Đêm Noel & Cách Săn Sale Game AAA Giá ""Hạt Dẻ"" Cuối 2025",blog,General,"Game Development",active,"2025-12-24 17:45:19","2025-12-24 17:45:20",,,,,,,,,
/blog/o-an-quan-mobile-khi-cong-nghe-cui-minh-truoc-di-san-ngan-nam,"Ô Ăn Quan Mobile: Khi công nghệ ""cúi mình"" trước di sản ngàn năm",blog,"Mobile Game","Game Development",active,"2025-12-25 18:06:51","2025-12-25 18:06:51",,,,,,,,,
/blog/mlbb-m7-2026-teams-danh-sach-doi-tuyen-va-ung-vien-vo-dich,"MLBB M7 2026 Teams: Danh sách đội tuyển và ứng viên vô địch",blog,General,"Game Development",active,"2026-02-24 22:05:43","2026-02-25 17:26:25",,,,,,,,,
/blog/lich-thi-dau-m7-world-championship-2026-chi-tiet-ket-qua-moi-nhat,"Lịch Thi Đấu M7 World Championship 2026 Chi Tiết | Kết Quả Mới Nhất",blog,General,"Game Development",active,"2026-02-25 21:07:54","2026-02-26 20:55:03",,,,,,,,,
/blog/top-5-tuong-thong-tri-meta-m7-world-championship-2026,"Top 5 Tướng Thống Trị Meta M7 World Championship 2026",blog,General,"Game Development",active,"2026-02-26 18:06:22","2026-02-26 20:54:45",,,,,,,,,
/blog/vct-2026-lich-thi-dau-valorant-champions-tour,"VCT 2026 Kickoff: Lịch Thi Đấu VALORANT Champions Tour",blog,General,"Game Development",active,"2026-03-27 00:58:59","2026-03-27 00:58:59",,,,,,,,,
/blog/top-10-agent-valorant-meta-manh-nhat-2026,"Top 10 Agent VALORANT Meta Mạnh Nhất Đầu 2026",blog,General,"Game Development",active,"2026-03-27 00:59:00","2026-03-27 00:59:00",,,,,,,,,
/blog/pgl-major-cs2-2026-doi-tuyen-lich-thi-dau,"PGL Major CS2 2026: Đội Tuyển Và Lịch Thi Đấu Chi Tiết",blog,General,"Game Development",active,"2026-03-27 00:59:00","2026-03-27 00:59:00",,,,,,,,,
/blog/huong-dan-len-rank-valorant-mua-moi-2026,"Hướng Dẫn Lên Rank VALORANT Mùa Mới 2026 Cho Người Mới",blog,General,Tutorial,active,"2026-03-27 00:59:00","2026-03-27 00:59:00",,,,,,,,,
/blog/review-inzoi-doi-thu-the-sims-2026,"Review Inzoi: Đối Thủ Nặng Ký Của The Sims 2026",blog,General,"Game Development",active,"2026-03-27 00:59:00","2026-03-27 00:59:00",,,,,,,,,
/blog/top-5-tuyen-thu-valorant-viet-nam-vct-pacific,"Top 5 Tuyển Thủ VALORANT Việt Nam Đáng Chú Ý VCT Pacific",blog,General,"Game Development",active,"2026-03-27 00:59:01","2026-03-27 00:59:01",,,,,,,,,
/blog/cs2-smoke-flash-guide-ky-thuat-nem-luu-dan,"CS2 Smoke & Flash Guide: Kỹ Thuật Ném Lựu Đạn Pro",blog,General,"Game Development",active,"2026-03-27 00:59:01","2026-03-27 00:59:01",,,,,,,,,
/blog/cach-toi-uu-fps-giam-lag-choi-game-online-2026,"Cách Tối Ưu FPS Và Giảm Lag Khi Chơi Game Online 2026",blog,General,"Game Development",active,"2026-03-27 00:59:01","2026-03-27 00:59:01",,,,,,,,,
/blog/mobile-legends-season-33-meta-tuong-manh-nhat,"Mobile Legends Season 33: Meta Và Tướng Mạnh Nhất",blog,"Mobile Game","Game Development",active,"2026-03-27 00:59:02","2026-03-27 00:59:02",,,,,,,,,
/blog/unity-6-co-gi-moi-tinh-nang-game-developer,"Unity 6 Có Gì Mới? Tổng Hợp Tính Năng Cho Game Developer",blog,"Unity Development","Game Engine",active,"2026-03-27 00:59:02","2026-03-27 00:59:02",,,,,,,,,
/blog/esports-world-cup-2026-tong-hop-24-game-lich-trinh,"Esports World Cup 2026: Tổng Hợp 24 Game Và Lịch Trình",blog,General,"Football Game",active,"2026-03-27 00:59:02","2026-03-27 00:59:02",,,,,,,,,
/blog/top-5-game-mobile-mien-phi-dang-choi-thang-3-2026,"Top 5 Game Mobile Miễn Phí Đáng Chơi Nhất Tháng 3/2026",blog,"Mobile Game","Game Development",active,"2026-03-27 00:59:03","2026-03-27 00:59:03",,,,,,,,,
/blog/huong-dan-build-pc-gaming-gia-re-duoi-15-trieu-2026,"Hướng Dẫn Build PC Gaming Giá Rẻ Dưới 15 Triệu 2026",blog,General,Tutorial,active,"2026-03-27 00:59:03","2026-03-27 00:59:03",,,,,,,,,
/blog/league-of-legends-mua-2026-thay-doi-meta-moi,"League of Legends Mùa 2026: Thay Đổi Lớn Và Meta Mới",blog,General,"Game Development",active,"2026-03-27 00:59:03","2026-03-27 00:59:03",,,,,,,,,
/blog/review-honor-of-kings-ban-quoc-te-moba-moi,"Review Honor of Kings Bản Quốc Tế: MOBA Mới Đáng Thử?",blog,General,"Game Development",active,"2026-03-27 00:59:03","2026-03-27 00:59:03",,,,,,,,,
/blog/so-sanh-mlbb-vs-honor-of-kings-2026,"So Sánh MLBB vs Honor of Kings 2026: Game Nào Hay Hơn?",blog,General,"Game Development",active,"2026-03-27 00:59:04","2026-03-27 00:59:04",,,,,,,,,
/blog/pubg-mobile-3-0-cap-nhat-moi-che-do-choi,"PUBG Mobile 3.0: Cập Nhật Mới Và Chế Độ Chơi Hấp Dẫn",blog,"Mobile Game","Game Development",active,"2026-03-27 00:59:04","2026-03-27 00:59:04",,,,,,,,,
/blog/cach-kiem-tien-tu-game-development-viet-nam-2026,"Cách Kiếm Tiền Từ Game Development Tại Việt Nam 2026",blog,General,"Game Development",active,"2026-03-27 00:59:04","2026-03-27 00:59:04",,,,,,,,,
/blog/free-fire-max-2026-huong-dan-leo-rank-heroic,"Free Fire MAX 2026: Hướng Dẫn Leo Rank Heroic Nhanh Nhất",blog,General,Tutorial,active,"2026-03-27 00:59:05","2026-03-27 00:59:05",,,,,,,,,
/blog/unreal-engine-5-5-tinh-nang-moi-indie-developer,"Unreal Engine 5.5: Tính Năng Mới Cho Indie Developer",blog,"Unreal Engine","Game Engine",active,"2026-03-27 00:59:05","2026-03-27 00:59:05",,,,,,,,,
/blog/top-10-game-pc-sap-ra-mat-q2-2026,"Top 10 Game PC Sắp Ra Mắt Đáng Mong Chờ Q2 2026",blog,General,"Game Development",active,"2026-03-27 00:59:05","2026-03-27 00:59:05",,,,,,,,,
/blog/huong-dan-tao-game-2d-dau-tien-unity-nguoi-moi,"Hướng Dẫn Tạo Game 2D Đầu Tiên Với Unity Cho Người Mới",blog,"Unity Development","Game Engine",active,"2026-03-27 00:59:05","2026-03-27 00:59:05",,,,,,,,,
/blog/dota-2-ti-2026-thong-tin-moi-nhat-the-international,"Dota 2 TI 2026: Thông Tin Mới Nhất The International",blog,General,"Game Development",active,"2026-03-27 00:59:06","2026-07-23 17:45:40",,,,,,,,,
/blog/review-ban-phim-co-gaming-tot-nhat-duoi-1-trieu-2026,"Review Bàn Phím Cơ Gaming Tốt Nhất Dưới 1 Triệu 2026",blog,General,"Game Development",active,"2026-03-27 00:59:06","2026-03-27 00:59:06",,,,,,,,,
/blog/xu-huong-ai-game-development-2026,"Xu Hướng AI Trong Game Development 2026",blog,"AI Game Dev","Game Development",active,"2026-03-27 00:59:06","2026-03-27 00:59:06",,,,,,,,,
/blog/valorant-champions-2026-du-doan-doi-vo-dich,"VALORANT Champions 2026: Dự Đoán Đội Vô Địch",blog,General,"Game Development",active,"2026-03-27 00:59:07","2026-03-27 00:59:07",,,,,,,,,
/blog/huong-dan-thiet-ke-ui-ux-game-mobile-a-z,"Hướng Dẫn Thiết Kế UI/UX Cho Game Mobile Từ A-Z",blog,"Game Design",Tutorial,active,"2026-03-27 00:59:07","2026-03-27 00:59:07",,,,,,,,,
/blog/top-5-game-battle-royale-mobile-hay-nhat-2026,"Top 5 Game Battle Royale Mobile Hay Nhất 2026",blog,"Mobile Game","Game Development",active,"2026-03-27 00:59:07","2026-03-27 00:59:07",,,,,,,,,
/blog/fifa-world-cup-2026-lich-thi-dau-cach-xem-truc-tiep,"FIFA World Cup 2026: Lịch Thi Đấu Và Cách Xem Trực Tiếp",blog,General,"Football Game",active,"2026-03-27 00:59:08","2026-03-27 00:59:08",,,,,,,,,
/blog/ea-sports-fc-26-du-doan-tinh-nang-world-cup-mode,"EA Sports FC 26: Dự Đoán Tính Năng World Cup Mode",blog,General,"Football Game",active,"2026-03-27 00:59:08","2026-03-27 00:59:08",,,,,,,,,
/blog/top-10-game-bong-da-hay-nhat-moi-thoi-dai-mobile,"Top 10 Game Bóng Đá Hay Nhất Mọi Thời Đại Trên Mobile",blog,"Mobile Game","Football Game",active,"2026-03-27 01:00:58","2026-03-27 01:00:58",,,,,,,,,
/blog/doi-tuyen-viet-nam-giac-mo-world-cup-goc-nhin-gamer,"Đội Tuyển Việt Nam Và Giấc Mơ World Cup: Góc Nhìn Gamer",blog,General,"Football Game",active,"2026-03-27 01:00:58","2026-03-27 01:00:58",,,,,,,,,
/blog/huong-dan-choi-ea-fc-mobile-2026-tips-doi-hinh,"Hướng Dẫn Chơi EA FC Mobile 2026: Tips Đội Hình Mạnh Nhất",blog,"Mobile Game",Tutorial,active,"2026-03-27 01:00:59","2026-07-23 17:45:40",,,,,,,,,
/blog/so-sanh-efootball-vs-ea-fc-2026,"So Sánh eFootball vs EA FC 2026: Game Bóng Đá Nào Đáng Chơi?",blog,General,"Football Game",active,"2026-03-27 01:00:59","2026-07-23 17:45:40",,,,,,,,,
/blog/lich-su-esports-world-cup-fifa-interactive-fifae,"Lịch Sử eSports Tại World Cup: Từ FIFA Interactive Đến FIFAe",blog,General,"Football Game",active,"2026-03-27 01:00:59","2026-03-27 01:00:59",,,,,,,,,
/blog/cach-tao-game-the-thao-don-gian-unity,"Cách Tạo Game Thể Thao Đơn Giản Với Unity",blog,"Unity Development",Sport,active,"2026-03-27 01:01:00","2026-03-27 01:01:00",,,,,,,,,
/blog/top-5-game-the-thao-mobile-hay-nhat-2026,"Top 5 Game Thể Thao Mobile Hay Nhất 2026",blog,"Mobile Game",Sport,active,"2026-03-27 01:01:00","2026-04-19 04:00:55",,,,,,,,,
/blog/world-cup-2026-gaming-su-kien-in-game,"World Cup 2026 x Gaming: Sự Kiện In-Game Đáng Mong Chờ",blog,General,"Football Game",active,"2026-03-27 01:01:01","2026-04-19 04:13:03",,,,,,,,,
/blog/review-chuot-gaming-khong-day-tot-nhat-fps-2026,"Review Chuột Gaming Không Dây Tốt Nhất Cho FPS 2026",blog,General,"Game Development",active,"2026-03-27 01:01:01","2026-04-19 03:55:51",,,,,,,,,
/blog/godot-4-vs-unity-6-so-sanh-indie-dev-2026,"Godot 4.4 vs Unity 6: So Sánh Chi Tiết Cho Indie Dev 2026",blog,"Unity Development","Game Engine",active,"2026-04-27 16:16:11","2026-04-28 10:09:00",,,,,,,,,
/blog/toi-uu-performance-game-unity-mobile,"Hướng Dẫn Tối Ưu Performance Game Unity Cho Mobile",blog,"Unity Development","Game Engine",active,"2026-04-27 16:16:11","2026-04-29 16:56:20",,,,,,,,,
/blog/multiplayer-networking-game-co-ban-nang-cao,"Multiplayer Networking Trong Game: Từ Cơ Bản Đến Nâng Cao",blog,General,"Game Development",active,"2026-04-27 16:16:11","2026-04-30 16:03:53",,,,,,,,,
/blog/procedural-generation-tao-map-game-tu-dong,"Procedural Generation: Tạo Map Game Tự Động Với Thuật Toán",blog,General,"Game Development",active,"2026-04-27 16:16:11","2026-05-03 21:08:08",,,,,,,,,
/blog/ci-cd-game-developer-tu-dong-build-deploy,"CI/CD Cho Game Developer: Tự Động Build Và Deploy Game",blog,General,"Game Development",active,"2026-04-27 16:16:11","2026-05-03 20:34:42",,,,,,,,,
/blog/shader-programming-co-ban-hieu-ung-game-2d,"Shader Programming Cơ Bản: Tạo Hiệu Ứng Đẹp Cho Game 2D",blog,"2D Game","Game Development",active,"2026-04-27 16:16:11","2026-05-03 20:28:57",,,,,,,,,
/blog/ai-game-development-pathfinding-behavior-tree,"AI Trong Game Development: Từ Pathfinding Đến Behavior Tree",blog,"AI Game Dev","Game Development",active,"2026-04-27 16:16:11","2026-04-27 16:16:11",,,,,,,,,
/blog/ecs-architecture-game-code-sach-hieu-nang-cao,"ECS Architecture: Cách Viết Game Code Sạch Và Hiệu Năng Cao",blog,General,"Game Development",active,"2026-04-27 16:16:11","2026-04-27 16:16:11",,,,,,,,,
/blog/monetization-game-mobile-iap-ads-2026,"Monetization Trong Game Mobile: Chiến Lược IAP Và Ads 2026",blog,"Mobile Game","Game Development",active,"2026-04-27 16:16:11","2026-05-06 08:13:32",,,,,,,,,
/blog/webgl-game-development-xuat-ban-web-unity,"WebGL Game Development: Xuất Bản Game Lên Web Với Unity",blog,"Unity Development","Game Engine",active,"2026-04-27 16:16:11","2026-04-27 16:16:11",,,,,,,,,
/blog/review-black-myth-wukong-dlc-danh-gia-dev,"Review Black Myth Wukong DLC: Đánh Giá Chi Tiết Từ Góc Nhìn Dev",blog,General,"Game Development",active,"2026-04-27 16:16:20","2026-04-29 14:13:26",,,,,,,,,
/blog/top-10-game-indie-hay-nhat-nua-dau-2026,"Top 10 Game Indie Hay Nhất Nửa Đầu 2026",blog,General,"Game Development",active,"2026-04-27 16:16:20","2026-04-29 14:37:22",,,,,,,,,
/blog/review-gta-6-moi-thu-chung-ta-biet-ky-vong,"Review GTA 6: Mọi Thứ Chúng Ta Biết Và Kỳ Vọng",blog,General,"Game Development",active,"2026-04-27 16:16:20","2026-04-30 15:59:11",,,,,,,,,
/blog/top-5-game-viet-nam-dang-choi-2026,"Top 5 Game Việt Nam Đáng Chơi Nhất 2026",blog,General,"Game Development",active,"2026-04-27 16:16:20","2026-05-01 13:36:38",,,,,,,,,
/blog/review-hollow-knight-silksong-metroidvania,"Review Hollow Knight Silksong: Metroidvania Hoàn Hảo?",blog,General,"Game Development",active,"2026-04-27 16:16:20","2026-05-03 20:50:26",,,,,,,,,
/blog/so-sanh-top-5-game-sinh-ton-co-op-2026,"So Sánh Top 5 Game Sinh Tồn Co-op Hay Nhất 2026",blog,General,"Game Development",active,"2026-04-27 16:16:20","2026-05-03 20:23:37",,,,,,,,,
/blog/top-10-game-mien-phi-steam-thang-5-2026,"Top 10 Game Miễn Phí Trên Steam Đáng Chơi Tháng 5/2026",blog,General,"Game Development",active,"2026-04-27 16:16:20","2026-04-27 16:16:20",,,,,,,,,
/blog/review-elden-ring-dlc-nightreign-souls-like,"Review Elden Ring DLC Nightreign: Souls-like Đỉnh Cao",blog,General,"Game Development",active,"2026-04-27 16:16:21","2026-04-27 16:16:21",,,,,,,,,
/blog/top-5-game-mobile-offline-hay-nhat-di-xa,"Top 5 Game Mobile Offline Hay Nhất Cho Chuyến Đi Xa",blog,"Mobile Game","Game Development",active,"2026-04-27 16:16:21","2026-04-27 16:16:21",,,,,,,,,
/blog/review-civilization-7-chien-luoc-dinh-cao,"Review Civilization VII: Chiến Lược Đỉnh Cao Hay Thất Vọng?",blog,General,"Game Development",active,"2026-04-27 16:16:21","2026-04-27 16:16:21",,,,,,,,,
/blog/world-cup-2026-lich-thi-dau-bang-dau-theo-doi,"World Cup 2026: Lịch Thi Đấu, Bảng Đấu Và Cách Theo Dõi Online",blog,General,Football/Sport,active,"2026-04-27 16:16:33","2026-04-29 14:21:17",,,,,,,,,
/blog/top-5-app-xem-truc-tiep-world-cup-2026-mien-phi,"Top 5 App Xem Trực Tiếp World Cup 2026 Miễn Phí Tại Việt Nam",blog,General,Football/Sport,active,"2026-04-27 16:16:33","2026-05-13 23:18:21",,,,,,,,,
/blog/ea-fc-26-world-cup-mode-huong-dan-meo-thang,"EA FC 26 World Cup Mode: Hướng Dẫn Chơi Và Mẹo Thắng",blog,General,Football/Sport,active,"2026-04-27 16:16:33","2026-05-06 08:09:23",,,,,,,,,
/blog/top-10-game-bong-da-mobile-hay-nhat-world-cup-2026,"Top 10 Game Bóng Đá Mobile Hay Nhất Mùa World Cup 2026",blog,"Mobile Game","Football Game",active,"2026-04-27 16:16:33","2026-05-03 20:59:55",,,,,,,,,
/blog/fantasy-football-world-cup-2026-huong-dan-app,"Fantasy Football World Cup 2026: Hướng Dẫn Chơi Và App Tốt Nhất",blog,General,Football/Sport,active,"2026-04-27 16:16:33","2026-05-03 20:45:05",,,,,,,,,
/blog/doi-tuyen-viet-nam-world-cup-2026-hanh-trinh,"Đội Tuyển Việt Nam Tại World Cup 2026: Hành Trình Lịch Sử",blog,General,Football/Sport,active,"2026-04-27 16:16:33","2026-05-03 19:53:07",,,,,,,,,
/blog/cach-lam-game-bong-da-don-gian-y-tuong-prototype,"Cách Làm Game Bóng Đá Đơn Giản: Từ Ý Tưởng Đến Prototype",blog,General,"Football Game",active,"2026-04-27 16:16:33","2026-04-27 16:16:33",,,,,,,,,
/blog/world-cup-2026-esports-giai-dau-ea-fc-gaming,"World Cup 2026 x eSports: Giải Đấu EA FC Và Sự Kiện Gaming",blog,"AI Game Dev",Football/Sport,active,"2026-04-27 16:16:33","2026-05-21 15:21:23",,,,,,,,,
/blog/top-app-du-doan-ty-so-world-cup-2026-ai,"Top App Dự Đoán Tỷ Số World Cup 2026: AI Prediction Và Cộng Đồng",blog,"AI Game Dev",Football/Sport,active,"2026-04-27 16:16:33","2026-05-07 08:00:53",,,,,,,,,
/blog/sticker-filter-mini-game-world-cup-2026-mxh,"Sticker, Filter Và Mini Game World Cup 2026 Trên Mạng Xã Hội",blog,General,"Football Game",active,"2026-04-27 16:16:33","2026-05-07 07:53:27",,,,,,,,,
/blog/giai-bong-da-the-gioi-2026-lich-thi-dau-the-thuc-va-doi-bong-tham-du-0mwz,"Giải Bóng đá Thế giới 2026: Lịch thi đấu, thể thức và đội bóng tham dự",blog,"AI Game Dev",Football/Sport,active,"2026-05-09 19:40:24","2026-05-13 23:16:23",,,,,,,,,
/blog/bi-quyet-choi-fifa-mobile-kiem-diem-tu-world-cup-2026-1o8w,"Bí quyết chơi FIFA Mobile kiếm điểm từ World Cup 2026",blog,"Mobile Game","Football Game",active,"2026-05-09 19:41:10","2026-05-11 08:00:34",,,,,,,,,
/blog/so-sanh-3-ung-dung-ca-cuoc-bong-da-uy-tin-mua-world-cup-2026-2fna,"So sánh 3 ứng dụng cá cược bóng đá uy tín mùa World Cup 2026",blog,General,Football/Sport,active,"2026-05-09 19:41:45","2026-05-11 18:18:22",,,,,,,,,
/blog/top-5-cau-thu-dang-xem-nhat-tai-world-cup-2026-37c1,"Top 5 cầu thủ đáng xem nhất tại World Cup 2026",blog,"AI Game Dev",Football/Sport,active,"2026-05-09 19:42:21","2026-05-11 17:32:22",,,,,,,,,
/blog/cap-nhat-tin-tuc-world-cup-2026-moi-nhat-hom-nay-4719,"[Cập nhật] Tin tức World Cup 2026 mới nhất hôm nay",blog,General,Football/Sport,active,"2026-05-09 19:43:07","2026-05-12 07:54:13",,,,,,,,,
/blog/huong-dan-san-ve-world-cup-2026-gia-re-bi-kip-khong-the-bo-lo-51fo,"Hướng dẫn săn vé World Cup 2026 giá rẻ - Bí kíp không thể bỏ lỡ",blog,General,Football/Sport,active,"2026-05-09 19:43:47","2026-05-12 08:05:02",,,,,,,,,
/blog/doi-hinh-mo-uoc-world-cup-2026-su-ket-hop-hoan-hao-tu-3-chau-luc-61cr,"Đội hình mơ ước World Cup 2026: Sự kết hợp hoàn hảo từ 3 châu lục",blog,General,Football/Sport,active,"2026-05-09 19:44:34","2026-05-12 08:11:27",,,,,,,,,
/blog/cong-nghe-var-tai-world-cup-2026-nhung-doi-moi-dang-cho-doi-73k9,"Công nghệ VAR tại World Cup 2026: Tất cả những đột phá công nghệ đáng chờ đợi",blog,"AI Game Dev",Football/Sport,active,"2026-05-09 19:45:23","2026-05-13 23:12:21",,,,,,,,,
/blog/review-dong-phuc-doi-tuyen-world-cup-2026-thiet-ke-nao-an-tuong-nhat-7yvv,"Review đồng phục đội tuyển World Cup 2026: Thiết kế nào ấn tượng nhất?",blog,"Game Design",Football/Sport,active,"2026-05-09 19:46:03","2026-05-13 00:00:03",,,,,,,,,
/blog/7-mon-do-khong-the-thieu-cho-fan-ham-mo-mua-world-cup-2026-8tcc,"7 món đồ không thể thiếu cho fan hâm mộ mùa World Cup 2026",blog,General,Football/Sport,active,"2026-05-09 19:46:43","2026-05-13 07:31:13",,,,,,,,,
/blog/top-10-game-dan-tran-huyen-thoai-thap-nien-80-ai-cung-phai-biet-fr0s,"Top 10 Game Dàn Trận Huyền Thoại Thập Niên 80 Ai Cũng Phải Biết",blog,"AI Game Dev","Game Development",active,"2026-05-10 11:43:53","2026-05-11 18:15:24",,,,,,,,,
/blog/cach-choi-game-dan-tran-thap-nien-80-cho-nguoi-moi-bat-dau-ighs,"Cách Chơi Game Dàn Trận Thập Niên 80 Cho Người Mới Bắt Đầu",blog,General,"Game Development",active,"2026-05-10 11:46:00","2026-05-11 07:51:10",,,,,,,,,
/blog/danh-gia-chi-tiet-game-dan-tran-defender-of-the-crown-1986-llzz,"Đánh Giá Chi Tiết Game Dàn Trận 'Defender of the Crown' (1986)",blog,General,"Game Development",active,"2026-05-10 11:48:27","2026-05-12 16:59:43",,,,,,,,,
/blog/su-tro-lai-cua-game-dan-tran-thap-nien-80-trong-nam-2023-q4q7,"Sự Trở Lại Của Game Dàn Trận Thập Niên 80 Trong Năm 2023",blog,"AI Game Dev","Game Development",active,"2026-05-10 11:51:58","2026-05-12 07:47:20",,,,,,,,,
/blog/so-sanh-game-dan-tran-thap-nien-80-va-hien-dai-dieu-gi-da-thay-doi-tf3p,"So Sánh Game Dàn Trận Thập Niên 80 Và Hiện Đại: Điều Gì Đã Thay Đổi?",blog,"AI Game Dev","Game Development",active,"2026-05-10 11:54:31","2026-05-12 07:51:18",,,,,,,,,
/blog/huong-dan-tai-va-cai-dat-game-dan-tran-thap-nien-80-tren-pc-hien-dai-ylso,"Hướng Dẫn Tải Và Cài Đặt Game Dàn Trận Thập Niên 80 Trên PC Hiện Đại",blog,"AI Game Dev",Tutorial,active,"2026-05-10 11:58:33","2026-05-13 23:06:30",,,,,,,,,
/blog/bi-kip-de-tro-thanh-cao-thu-game-dan-tran-thap-nien-80-2dvd,"Bí Kíp Để Trở Thành Cao Thủ Game Dàn Trận Thập Niên 80",blog,"2D Game","Game Development",active,"2026-05-10 12:01:29","2026-05-13 14:55:59",,,,,,,,,
/blog/nhung-game-dan-tran-thap-nien-80-dang-choi-nhat-tren-mobile-5yvr,"Những Game Dàn Trận Thập Niên 80 Đáng Chơi Nhất Trên Mobile",blog,"Mobile Game","Game Development",active,"2026-05-10 12:04:17","2026-05-13 14:57:44",,,,,,,,,
/blog/lich-su-phat-trien-cua-the-loai-game-dan-tran-qua-cac-thoi-ky-b0tq,"Lịch Sử Phát Triển Của Thể Loại Game Dàn Trận Qua Các Thời Kỳ",blog,"AI Game Dev","Game Development",active,"2026-05-10 12:08:13","2026-05-14 00:00:03",,,,,,,,,
/blog/tuyen-tap-game-dan-tran-thap-nien-80-co-do-hoa-dep-nhat-fn7y,"Tuyển Tập Game Dàn Trận Thập Niên 80 Có Đồ Họa Đẹp Nhất",blog,General,"Game Development",active,"2026-05-10 12:11:48","2026-05-14 00:00:03",,,,,,,,,
/blog/top-5-sieu-sao-bong-da-dang-theo-doi-nhat-mua-giai-2024-wukh,"TOP 5 siêu sao bóng đá đáng theo dõi nhất mùa giải 2024",blog,"AI Game Dev",Football/Sport,active,"2026-05-21 15:45:31","2026-05-22 20:28:21",,,,,,,,,
/blog/messi-vs-mbappe-ai-se-thong-tri-bong-da-the-gioi-z9u0,"Messi vs Mbappe: Ai sẽ thống trị bóng đá thế giới?",blog,"AI Game Dev",Football/Sport,active,"2026-05-21 15:47:24","2026-05-22 20:14:07",,,,,,,,,
/blog/erling-haaland-hanh-trinh-tu-than-dong-den-co-may-ghi-ban-1lj8,"Erling Haaland: Hành trình từ thần đồng đến cỗ máy ghi bàn",blog,General,"Game Development",active,"2026-05-21 15:49:12","2026-05-23 10:28:52",,,,,,,,,
/blog/huong-dan-phat-trien-ky-nang-nhu-vinicius-jr-cho-cau-thu-tre-5en6,"Hướng dẫn phát triển kỹ năng như Vinicius Jr cho cầu thủ trẻ",blog,General,Tutorial,active,"2026-05-21 15:52:10","2026-05-23 10:42:37",,,,,,,,,
/blog/jude-bellingham-nhan-to-thay-doi-cuc-dien-real-madrid-8wje,"Jude Bellingham: Nhân tố thay đổi cục diện Real Madrid",blog,General,"Game Development",active,"2026-05-21 15:54:53","2026-07-17 14:16:24",,,,,,,,,
/blog/du-doan-danh-hieu-qua-bong-vang-2024-ai-se-thang-lon-gdyz,"Dự đoán danh hiệu Quả bóng vàng 2024: Ai sẽ thắng lớn?",blog,"AI Game Dev","Game Development",active,"2026-05-21 16:00:42","2026-05-24 21:23:52",,,,,,,,,
/blog/phan-tich-ky-thuat-dieu-gi-lam-nen-su-khac-biet-cua-mbappe-lgva,"Phân tích kỹ thuật: Điều gì làm nên sự khác biệt của Mbappe?",blog,General,"Game Development",active,"2026-05-21 16:04:39","2026-05-24 20:26:14",,,,,,,,,
/blog/so-sanh-phong-do-haaland-tai-man-city-vs-lewandowski-tai-bayern-rw95,"So sánh phong độ: Haaland tại Man City vs Lewandowski tại Bayern",blog,"AI Game Dev","Game Development",active,"2026-05-21 16:09:39","2026-05-24 20:13:59",,,,,,,,,
/blog/10-khoanh-khac-dang-nho-nhat-cua-messi-trong-su-nghiep-xq0j,"10 khoảnh khắc đáng nhớ nhất của Messi trong sự nghiệp",blog,General,"Game Development",active,"2026-05-21 16:14:11","2026-07-17 14:16:17",,,,,,,,,
/blog/vinicius-jr-tu-bi-chi-trich-den-ngoi-sao-sang-cua-real-madrid-1t61,"Vinicius Jr: Từ bị chỉ trích đến ngôi sao sáng của Real Madrid",blog,General,"Game Development",active,"2026-05-21 16:17:22","2026-07-17 11:35:57",,,,,,,,,
/blog/cac-ky-luc-mbappe-co-the-pha-vo-trong-tuong-lai-5897,"Các kỷ lục Mbappe có thể phá vỡ trong tương lai",blog,"AI Game Dev","Game Development",active,"2026-05-21 16:20:01","2026-07-17 11:35:52",,,,,,,,,
/blog/haaland-va-hanh-trinh-chinh-phuc-premier-league-7tvz,"Haaland và hành trình chinh phục Premier League",blog,General,"Game Development",active,"2026-05-21 16:22:03","2026-07-17 11:35:48",,,,,,,,,
/blog/vi-sao-bellingham-duoc-vi-nhu-zidane-moi-aod6,"Vì sao Bellingham được ví như 'Zidane mới'?",blog,General,"Game Development",active,"2026-05-21 16:24:15","2026-05-29 07:52:08",,,,,,,,,
/blog/nhung-tran-dau-dinh-cao-trong-su-nghiep-messi-dgs1,"Những trận đấu đỉnh cao trong sự nghiệp Messi",blog,General,"Game Development",active,"2026-05-21 16:26:26","2026-07-17 09:33:34",,,,,,,,,
/blog/tuong-lai-cua-mbappe-sau-khi-roi-psg-di-dau-ve-dau-flna,"Tương lai của Mbappe sau khi rời PSG: Đi đâu về đâu?",blog,"AI Game Dev","Game Development",active,"2026-05-21 16:28:05","2026-05-29 07:40:01",,,,,,,,,
/blog/huyen-thoai-bong-da-danh-gia-ve-the-he-tre-messi-mbappe-haaland-iavy,"Huyền thoại bóng đá đánh giá về thế hệ trẻ: Messi, Mbappe, Haaland",blog,"AI Game Dev",Football/Sport,active,"2026-05-21 16:30:11","2026-05-27 08:17:02",,,,,,,,,
/blog/7-ky-thuat-dac-biet-chi-messi-moi-lam-duoc-krgd,"7 kỹ thuật đặc biệt chỉ Messi mới làm được",blog,General,"Game Development",active,"2026-05-21 16:32:06","2026-05-29 07:25:36",,,,,,,,,
/blog/vinicius-jr-vs-rodrygo-ai-xung-dang-hon-o-real-madrid-n442,"Vinicius Jr vs Rodrygo: Ai xứng đáng hơn ở Real Madrid?",blog,"AI Game Dev","Game Development",active,"2026-05-21 16:33:56","2026-05-28 14:18:43",,,,,,,,,
/blog/haaland-bi-quyet-dinh-duong-cua-co-may-ghi-ban-pxih,"Haaland: Bí quyết dinh dưỡng của cỗ máy ghi bàn",blog,General,"Game Development",active,"2026-05-21 16:36:07","2026-05-28 14:45:51",,,,,,,,,
/blog/nhung-con-so-an-tuong-nhat-trong-su-nghiep-messi-so1n,"Những con số ấn tượng nhất trong sự nghiệp Messi",blog,General,"Game Development",active,"2026-05-21 16:38:15","2026-05-28 13:49:22",,,,,,,,,
/blog/huong-dan-lam-game-flappy-bird-phaser-3,"Hướng dẫn làm game Flappy Bird bằng Phaser 3 từ A-Z",blog,General,Tutorial,active,"2026-06-29 15:56:23","2026-07-17 09:33:30",,,,,,,,,
/blog/10-cong-cu-ai-mien-phi-cho-game-developer-2026,"10 công cụ AI miễn phí cho Game Developer 2026",blog,"AI Game Dev","Game Development",active,"2026-06-29 15:56:23","2026-07-16 18:01:23",,,,,,,,,
/blog/luong-game-developer-viet-nam-2026,"Lương Game Developer Việt Nam 2026 — Khảo sát thực tế",blog,General,"Game Development",active,"2026-06-29 15:56:23","2026-07-17 07:57:40",,,,,,,,,
/blog/so-sanh-unity-vs-godot-2026-nen-chon-engine-nao,"So sánh Unity vs Godot 2026: Nên chọn engine nào?",blog,"Unity Development","Game Engine",active,"2026-06-29 15:56:23","2026-07-16 18:01:10",,,,,,,,,
/blog/cach-kiem-tien-tu-game-html5-admob-iap,"Cách kiếm tiền từ game HTML5 miễn phí (AdMob + IAP)",blog,General,"Game Development",active,"2026-06-29 15:56:23","2026-07-17 09:33:19",,,,,,,,,
/blog/huong-dan-tao-game-design-document-gdd-indie,"Hướng dẫn tạo Game Design Document (GDD) cho Indie Developer",blog,"Game Design",Tutorial,active,"2026-06-29 15:56:23","2026-07-16 18:01:16",,,,,,,,,
/blog/top-5-nguon-hoc-lam-game-mien-phi-tieng-viet-2026,"Top 5 nguồn học làm game miễn phí tiếng Việt 2026",blog,General,"Game Development",active,"2026-06-29 15:56:23","2026-07-16 18:01:20",,,,,,,,,
/blog/typescript-cho-game-dev-tai-sao-va-bat-dau,"TypeScript cho Game Dev — Tại sao và bắt đầu thế nào?",blog,"AI Game Dev","Game Development",active,"2026-06-29 15:56:23","2026-07-17 07:57:35",,,,,,,,,
/blog/review-13-source-game-phaser-3-mien-phi-lamgame,"Review: 13 source game Phaser 3 miễn phí trên LamGame",blog,General,"Game Development",active,"2026-06-29 15:56:23","2026-07-17 09:33:26",,,,,,,,,
/blog/world-cup-2026-vong-32-so-do-nhanh-dau-du-doan,"World Cup 2026 vòng 32 — Sơ đồ nhánh đấu và dự đoán",blog,General,Football/Sport,active,"2026-06-29 15:56:23","2026-07-16 18:00:49",,,,,,,,,
/blog/xay-dung-game-multiplayer-online-websocket-phaser-3,"Xây dựng game multiplayer online với WebSocket + Phaser 3",blog,General,"Game Development",active,"2026-06-29 17:55:05","2026-07-17 07:57:24",,,,,,,,,
/blog/cach-tao-ai-opponent-game-co-minimax-algorithm,"Cách tạo AI opponent cho game cờ (Minimax Algorithm)",blog,"AI Game Dev","Game Development",active,"2026-06-29 17:55:05","2026-07-17 07:48:32",,,,,,,,,
/blog/con-duong-tro-thanh-game-developer-viet-nam-2026,"Con đường trở thành Game Developer tại Việt Nam 2026",blog,General,"Game Development",active,"2026-06-29 17:55:05","2026-07-17 07:57:20",,,,,,,,,
/blog/toi-uu-hieu-nang-game-html5-10-tips,"Tối ưu hiệu năng game HTML5 — 10 tips từ thực tế",blog,General,"Game Development",active,"2026-06-29 17:55:05","2026-07-17 07:48:38",,,,,,,,,
/blog/huong-dan-publish-game-google-play-2026,"Hướng dẫn publish game lên Google Play 2026 (step-by-step)",blog,General,Tutorial,active,"2026-06-29 17:55:05","2026-07-17 07:48:20",,,,,,,,,
/blog/match-3-game-engine-xay-dung-tu-dau-phaser-3,"Match-3 game engine: Xây dựng từ đầu với Phaser 3",blog,General,"Game Development",active,"2026-06-29 17:55:05","2026-07-17 07:48:25",,,,,,,,,
/blog/xu-huong-game-dev-2026-ai-indie-cloud,"Xu hướng Game Dev 2026: AI, Indie Revolution & Cloud Gaming",blog,"AI Game Dev","Game Development",active,"2026-06-29 17:55:05","2026-07-16 20:57:05",,,,,,,,,
/blog/huong-dan-tich-hop-leaderboard-realtime-game-html5,"Hướng dẫn tích hợp Leaderboard realtime cho game HTML5",blog,General,Tutorial,active,"2026-06-29 17:55:05","2026-07-17 07:48:14",,,,,,,,,
/blog/hoc-lam-game-tu-a-z-lo-trinh-2026,"Học làm game từ A-Z — Lộ trình hoàn chỉnh cho người mới 2026",blog,General,"Game Development",active,"2026-06-30 01:05:26","2026-07-16 20:57:01",,,,,,,,,
/blog/ai-cho-game-developer-tong-hop-2026,"AI cho Game Developer — Tổng hợp công cụ và hướng dẫn 2026",blog,"AI Game Dev","Game Development",active,"2026-06-30 01:05:26","2026-07-16 20:56:47",,,,,,,,,
/blog/career-game-developer-viet-nam-huong-dan,"Career Game Developer Việt Nam — Hướng dẫn toàn diện",blog,Career,Tutorial,active,"2026-06-30 01:05:26","2026-07-16 20:56:53",,,,,,,,,
/blog/source-game-marketplace-phaser-3-mien-phi,"Source Game Marketplace — 13+ game templates Phaser 3 miễn phí",blog,General,"Game Development",active,"2026-06-30 01:05:26","2026-07-16 20:56:57",,,,,,,,,
/blog/huong-dan-lam-game-2d-unity-2026,"Hướng dẫn làm game 2D bằng Unity 2026 — Từ zero đến game đầu tiên",blog,"Unity Development","Game Engine",active,"2026-07-16 15:29:27","2026-07-16 15:38:19",,,,,,,,,
/blog/unity-vs-godot-4-2026-so-sanh-chi-tiet,"Unity vs Godot 4 năm 2026: So sánh chi tiết, nên chọn engine nào?",blog,"Unity Development","Game Engine",active,"2026-07-16 17:11:40","2026-07-16 17:58:07",,,,,,,,,
/blog/huong-dan-godot-4-tao-game-platformer-2026,"Hướng dẫn Godot 4 tiếng — Tạo game platformer đầu tiên (2026)",blog,Godot,"Game Engine",active,"2026-07-17 10:09:49","2026-07-17 11:35:39",,,,,,,,,
/blog/khao-sat-luong-game-developer-viet-nam-2026,"Lương Game Developer Việt Nam 2026: Bảng khảo sát chi tiết theo vị trí",blog,General,"Game Development",active,"2026-07-20 16:53:50","2026-07-20 17:02:54",,,,,,,,,
/blog/top-10-game-studio-viet-nam-tuyen-dung-2026,"Top 10 Game Studio Việt Nam tuyển dụng 2026 — Lương, vị trí, cách apply",blog,General,"Game Development",active,"2026-07-24 07:44:47","2026-07-24 07:53:32",,,,,,,,,
/blog/gamescom-2026-tong-hop-game-dev,"Gamescom 2026: Tổng hợp tin game mới & xu hướng cho Game Developer",blog,General,"Game Development",active,"2026-07-25 14:41:59","2026-07-25 18:50:04",,,,,,,,,
/blog/ap-trinh-game-flappy-bird-godot-4-tu-a-z,"Lập trình Game Flappy Bird với Godot 4 từ A-Z | Hướng dẫn chi tiết 2026",blog,Godot,"Game Engine",active,"2026-07-28 07:47:43","2026-07-28 07:48:57",,,,,,,,,
/blog/lap-trinh-game-snake-godot-4-huong-dan,"Lập trình Game Snake Godot 4 từ A-Z | Hướng dẫn chi tiết",blog,Godot,"Game Engine",active,"2026-07-30 13:32:24","2026-07-30 13:34:40",,,,,,,,,
/blog/ai-game-dev-2026-cong-cu-workflow,"AI trong Game Development 2026: Công cụ & Workflow thực tế",blog,"AI Game Dev","Game Development",active,"2026-07-30 14:05:20","2026-07-30 14:30:27",,,,,,,,,
/forum/y-tuong-lam-game-dan-gian,"y tuong lam game dan gian",forum,Forum,"Game Development",active,"2025-09-24 22:47:09","2026-08-13 02:25:21",,,,,,KEEP,,,
/forum/unity-hay-unreal-engine-cho-nguoi-moi-bat-dau-nam-2026,"Unity hay Unreal Engine cho người mới bắt đầu năm 2026?",forum,Forum,"Game Development",active,"2026-04-28 17:10:32","2026-08-13 18:00:24",,,,,,KEEP,,,
/forum/lam-game-solo-hay-tim-team-kinh-nghiem-2-nam,"Làm game solo hay tìm team? Kinh nghiệm 2 năm",forum,Forum,"Game Development",active,"2026-04-28 17:10:32","2026-08-12 22:00:57",,,,,,KEEP,,,
/forum/xu-huong-game-mobile-2026-hyper-casual-da-chet,"Xu hướng game mobile 2026: Hyper-casual đã chết?",forum,Forum,"Game Development",active,"2026-04-28 17:10:32","2026-08-14 08:38:55",,,,,,KEEP,,,
/forum/y-tuong-game-dan-gian-viet-nam-phien-ban-hien-dai,"Ý tưởng: Game dân gian Việt Nam phiên bản hiện đại",forum,Forum,"Game Development",active,"2026-04-28 17:10:32","2026-08-14 08:40:37",,,,,,KEEP,,,
/forum/concept-survival-game-boi-canh-sai-gon-mua-mua,"Concept: Survival game bối cảnh Sài Gòn mùa mưa",forum,Forum,"Game Development",active,"2026-04-28 17:10:32","2026-08-13 15:24:35",,,,,,KEEP,,,
/forum/unity-cach-toi-uu-draw-calls-cho-game-mobile,"Unity: Cách tối ưu draw calls cho game mobile?",forum,Forum,"Game Development",active,"2026-04-28 17:10:32","2026-08-14 11:23:00",,,,,,KEEP,,,
/forum/godot-4-multiplayer-networking-bat-dau-tu-dau,"Godot 4: Multiplayer networking bắt đầu từ đâu?",forum,Forum,"Game Development",active,"2026-04-28 17:10:32","2026-08-13 01:05:44",,,,,,KEEP,,,
/forum/tim-team-can-artist-2d-cho-game-rpg-pixel-art,"[Tìm team] Cần Artist 2D cho game RPG pixel art",forum,Forum,"Game Development",active,"2026-04-28 17:10:32","2026-08-07 15:21:15",,,,,,KEEP,,,
/forum/tim-team-sound-designer-cho-indie-horror-game,"[Tìm team] Sound Designer cho indie horror game",forum,Forum,"Game Development",active,"2026-04-28 17:10:32","2026-08-12 15:51:12",,,,,,KEEP,,,
/forum/review-cs50-game-development-harvard-co-dang-hoc,"Review: CS50 Game Development (Harvard) - Có đáng học?",forum,Forum,"Game Development",active,"2026-04-28 17:10:32","2026-08-13 02:15:36",,,,,,KEEP,,,
/forum/showcase-pho-rush-game-dau-tay-sau-6-thang-tu-hoc-unity,"[Showcase] Phở Rush - Game đầu tay sau 6 tháng tự học Unity",forum,Forum,"Game Development",active,"2026-04-28 17:10:32","2026-08-14 08:34:49",,,,,,KEEP,,,
/forum/showcase-procedural-dungeon-generator-bang-godot-4,"[Showcase] Procedural dungeon generator bằng Godot 4",forum,Forum,"Game Development",active,"2026-04-28 17:10:32","2026-08-10 11:13:07",,,,,,KEEP,,,
/forum/vietnam-game-jam-2026-ai-tham-gia-khong,"Vietnam Game Jam 2026 - Ai tham gia không?",forum,Forum,"Game Development",active,"2026-04-28 17:10:32","2026-08-13 06:29:15",,,,,,KEEP,,,
/forum/tuyen-dung-vng-tuyen-unity-developer-hcm,"[Tuyển dụng] VNG tuyển Unity Developer - HCM",forum,Forum,"Game Development",active,"2026-04-28 17:10:32","2026-08-12 23:06:12",,,,,,KEEP,,,
/forum/monetization-cho-indie-game-premium-vs-f2p-vs-ads,"Monetization cho indie game: Premium vs F2P vs Ads?",forum,Forum,"Game Development",active,"2026-04-28 17:10:32","2026-08-14 02:36:08",,,,,,KEEP,,,
/forum/unity-hay-unreal-engine-nen-chon-engine-nao-cho-nguoi-moi,"Unity hay Unreal Engine - nên chọn engine nào cho người mới?",forum,Forum,"Game Development",active,"2026-05-09 21:22:04","2026-08-12 13:37:27",,,,,,KEEP,,,
/forum/kinh-nghiem-toi-uu-hieu-nang-game-mobile-unity,"Kinh nghiệm tối ưu hiệu năng game mobile Unity",forum,Forum,"Game Development",active,"2026-04-28 09:22:04","2026-08-14 02:10:29",,,,,,KEEP,,,
/forum/godot-4x-co-thuc-su-thay-the-duoc-unity-cho-indie-dev,"Godot 4.x có thực sự thay thế được Unity cho indie dev?",forum,Forum,"Game Development",active,"2026-05-08 15:22:04","2026-08-14 04:15:54",,,,,,KEEP,,,
/forum/lo-trinh-hoc-lap-trinh-game-tu-zero-den-release-dau-tien,"Lộ trình học lập trình game từ zero đến release đầu tiên",forum,Forum,"Game Development",active,"2026-05-30 12:22:04","2026-08-13 19:36:31",,,,,,KEEP,,,
/forum/xu-huong-game-2026-ai-generated-content-va-procedural-design,"Xu hướng game 2026: AI-generated content và procedural design",forum,Forum,"Game Development",active,"2026-06-04 22:22:04","2026-08-12 15:51:14",,,,,,KEEP,,,
/forum/so-sanh-c-vs-gdscript-vs-lua-cho-game-development,"So sánh C# vs GDScript vs Lua cho game development",forum,Forum,"Game Development",active,"2026-04-27 00:22:04","2026-08-13 21:43:38",,,,,,KEEP,,,
/forum/lam-sao-kiem-tien-tu-game-indie-tai-thi-truong-viet-nam,"Làm sao kiếm tiền từ game indie tại thị trường Việt Nam?",forum,Forum,"Game Development",active,"2026-04-28 14:22:04","2026-08-13 06:14:22",,,,,,KEEP,,,
/forum/multiplayer-networking-mirror-vs-fishnet-vs-netcode-for-gameobjects,"Multiplayer networking: Mirror vs Fishnet vs Netcode for GameObjects",forum,Forum,"Game Development",active,"2026-05-09 23:22:04","2026-08-14 16:24:54",,,,,,KEEP,,,
/forum/pixel-art-vs-3d-low-poly-style-nao-phu-hop-cho-game-mobile,"Pixel art vs 3D low-poly: style nào phù hợp cho game mobile?",forum,Forum,"Game Development",active,"2026-05-12 15:22:04","2026-08-14 07:32:10",,,,,,KEEP,,,
/forum/ecs-entity-component-system-co-that-su-can-thiet-cho-game-nho,"ECS (Entity Component System) có thật sự cần thiết cho game nhỏ?",forum,Forum,"Game Development",active,"2026-06-04 06:22:04","2026-08-13 03:56:45",,,,,,KEEP,,,
/forum/cach-viet-game-design-document-gdd-hieu-qua,"Cách viết Game Design Document (GDD) hiệu quả",forum,Forum,"Game Development",active,"2026-05-04 15:22:04","2026-08-14 06:12:40",,,,,,KEEP,,,
/forum/shaders-trong-unity-tu-co-ban-den-shader-graph-nang-cao,"Shaders trong Unity: từ cơ bản đến Shader Graph nâng cao",forum,Forum,"Game Development",active,"2026-05-26 03:22:04","2026-08-14 01:22:28",,,,,,KEEP,,,
/forum/phong-van-game-developer-tai-viet-nam-cau-hoi-thuong-gap,"Phỏng vấn game developer tại Việt Nam - câu hỏi thường gặp",forum,Forum,"Game Development",active,"2026-04-27 23:22:04","2026-08-14 03:22:54",,,,,,KEEP,,,
/forum/y-tuong-game-tower-defense-ket-hop-roguelike-mechanics,"Ý tưởng game tower defense kết hợp roguelike mechanics",forum,Forum,"Game Development",active,"2026-04-24 12:22:04","2026-08-14 01:18:57",,,,,,KEEP,,,
/forum/game-mo-phong-quan-ca-phe-viet-nam-concept-design,"Game mô phỏng quán cà phê Việt Nam - concept design",forum,Forum,"Game Development",active,"2026-04-19 23:22:04","2026-08-14 05:02:33",,,,,,KEEP,,,
/forum/battle-royale-nhung-chi-dung-puzzle-de-chien-dau,"Battle royale nhưng chỉ dùng puzzle để chiến đấu",forum,Forum,"Game Development",active,"2026-04-30 18:22:04","2026-08-13 10:36:47",,,,,,KEEP,,,
/forum/idle-game-chu-de-xay-dung-startup-cong-nghe,"Idle game chủ đề xây dựng startup công nghệ",forum,Forum,"Game Development",active,"2026-04-26 00:22:04","2026-08-13 15:52:20",,,,,,KEEP,,,
/forum/game-giao-duc-day-lap-trinh-cho-tre-em-bang-visual-scripting,"Game giáo dục dạy lập trình cho trẻ em bằng visual scripting",forum,Forum,"Game Development",active,"2026-04-25 03:22:04","2026-08-12 23:38:34",,,,,,KEEP,,,
/forum/horror-game-set-trong-boi-canh-truong-hoc-viet-nam,"Horror game set trong bối cảnh trường học Việt Nam",forum,Forum,"Game Development",active,"2026-05-23 14:22:04","2026-08-14 15:53:41",,,,,,KEEP,,,
/forum/farming-game-dungeon-crawler-ban-ngay-trong-trot-dem-chien-dau,"Farming game + dungeon crawler: ban ngày trồng trọt, đêm chiến đấu",forum,Forum,"Game Development",active,"2026-05-01 04:22:04","2026-08-13 06:59:22",,,,,,KEEP,,,
/forum/game-ar-tim-kho-bau-ngoai-doi-thuc-tai-cac-thanh-pho-vn,"Game AR tìm kho báu ngoài đời thực tại các thành phố VN",forum,Forum,"Game Development",active,"2026-04-25 10:22:04","2026-08-13 20:50:06",,,,,,KEEP,,,
/forum/card-game-chien-thuat-lay-cam-hung-tu-lich-su-viet-nam,"Card game chiến thuật lấy cảm hứng từ lịch sử Việt Nam",forum,Forum,"Game Development",active,"2026-05-08 15:22:04","2026-08-13 17:15:10",,,,,,KEEP,,,
/forum/y-tuong-game-co-op-online-4-nguoi-giai-puzzle-escape-room,"Ý tưởng game co-op online 4 người giải puzzle escape room",forum,Forum,"Game Development",active,"2026-04-24 09:22:04","2026-08-14 03:22:58",,,,,,KEEP,,,
/forum/game-rhythm-ket-hop-nhac-viet-va-indie-music,"Game rhythm kết hợp nhạc Việt và indie music",forum,Forum,"Game Development",active,"2026-06-09 01:22:04","2026-08-14 09:59:30",,,,,,KEEP,,,
/forum/survival-game-chu-de-hau-tan-the-o-dong-nam-a,"Survival game chủ đề hậu tận thế ở Đông Nam Á",forum,Forum,"Game Development",active,"2026-05-22 19:22:04","2026-08-12 15:57:32",,,,,,KEEP,,,
/forum/unity-loi-nullreferenceexception-khi-instantiate-prefab-cach-fix,"[Unity] Lỗi NullReferenceException khi Instantiate prefab - cách fix?",forum,Forum,"Game Development",active,"2026-04-26 13:22:04","2026-08-11 23:16:44",,,,,,KEEP,,,
/forum/godot-signal-khong-hoat-dong-giua-2-scenes-help,"[Godot] Signal không hoạt động giữa 2 scenes - help!",forum,Forum,"Game Development",active,"2026-06-11 20:22:04","2026-08-14 10:07:59",,,,,,KEEP,,,
/forum/cach-implement-a-pathfinding-tren-tilemap-hexagonal,"Cách implement A* pathfinding trên tilemap hexagonal",forum,Forum,"Game Development",active,"2026-05-30 21:22:04","2026-08-13 11:31:53",,,,,,KEEP,,,
/forum/unity-build-apk-bi-crash-tren-android-14-logcat-error,"[Unity] Build APK bị crash trên Android 14 - logcat error",forum,Forum,"Game Development",active,"2026-04-20 18:22:05","2026-08-14 01:16:56",,,,,,KEEP,,,
/forum/cach-toi-uu-drawcall-khi-co-1000-sprites-tren-screen,"Cách tối ưu drawcall khi có 1000+ sprites trên screen",forum,Forum,"Game Development",active,"2026-06-09 09:22:05","2026-08-13 21:10:54",,,,,,KEEP,,,
/forum/phaser-3-load-tilemap-tu-tiled-bi-offset-sai-bug-hay-config,"[Phaser 3] Load tilemap từ Tiled bị offset sai - bug hay config?",forum,Forum,"Game Development",active,"2026-05-24 08:22:05","2026-08-14 04:35:54",,,,,,KEEP,,,
/forum/cach-implement-saveload-game-data-an-toan-encryption,"Cách implement save/load game data an toàn (encryption)",forum,Forum,"Game Development",active,"2026-05-22 12:22:05","2026-08-11 21:59:53",,,,,,KEEP,,,
/forum/unity-cinemachine-camera-bi-jitter-khi-follow-player-fix,"[Unity] Cinemachine camera bị jitter khi follow player - fix?",forum,Forum,"Game Development",active,"2026-06-10 11:22:05","2026-08-13 16:09:03",,,,,,KEEP,,,
/forum/webgl-build-unity-qua-nang-50mb-cach-giam-size,"WebGL build Unity quá nặng (50MB+) - cách giảm size?",forum,Forum,"Game Development",active,"2026-04-29 16:22:05","2026-08-14 15:38:10",,,,,,KEEP,,,
/forum/implement-inventory-system-voi-scriptable-objects,"Implement inventory system với scriptable objects",forum,Forum,"Game Development",active,"2026-05-27 22:22:05","2026-08-07 18:23:06",,,,,,KEEP,,,
/forum/godot-tilemap-collision-khong-detect-dung-layer,"[Godot] TileMap collision không detect đúng layer",forum,Forum,"Game Development",active,"2026-05-02 19:22:05","2026-08-11 03:49:14",,,,,,KEEP,,,
/forum/cach-trien-khai-multiplayer-game-server-tren-vps-gia-re,"Cách triển khai multiplayer game server trên VPS giá rẻ",forum,Forum,"Game Development",active,"2026-04-20 11:22:05","2026-08-11 19:35:56",,,,,,KEEP,,,
/forum/showcase-mini-rpg-pixel-art-3-thang-solo-dev,"[Showcase] Mini RPG pixel art - 3 tháng solo dev",forum,Forum,"Game Development",active,"2026-05-14 19:22:05","2026-08-13 11:32:23",,,,,,KEEP,,,
/forum/showcase-game-casual-mobile-dat-10k-downloads-sau-1-thang,"[Showcase] Game casual mobile đạt 10K downloads sau 1 tháng",forum,Forum,"Game Development",active,"2026-05-19 05:22:05","2026-08-14 02:31:51",,,,,,KEEP,,,
/forum/showcase-visual-novel-engine-tu-build-bang-godot,"[Showcase] Visual Novel engine tự build bằng Godot",forum,Forum,"Game Development",active,"2026-06-05 03:22:05","2026-08-13 09:49:50",,,,,,KEEP,,,
/forum/showcase-procedural-dungeon-generator-open-source,"[Showcase] Procedural dungeon generator - open source",forum,Forum,"Game Development",active,"2026-05-28 19:22:05","2026-08-13 15:51:05",,,,,,KEEP,,,
/forum/showcase-game-platformer-viet-nam-hanh-trinh-qua-cac-vung-mien,"[Showcase] Game platformer Việt Nam - Hành trình qua các vùng miền",forum,Forum,"Game Development",active,"2026-05-17 02:22:05","2026-08-13 13:21:03",,,,,,KEEP,,,
/forum/showcase-ai-npc-dialogue-system-su-dung-llm,"[Showcase] AI NPC dialogue system sử dụng LLM",forum,Forum,"Game Development",active,"2026-05-07 17:22:05","2026-08-13 05:04:47",,,,,,KEEP,,,
/forum/showcase-game-jam-entry-48h-lam-game-tu-0,"[Showcase] Game jam entry - 48h làm game từ 0",forum,Forum,"Game Development",active,"2026-05-19 23:22:05","2026-08-11 23:42:00",,,,,,KEEP,,,
/forum/showcase-multiplayer-card-game-tu-prototype-den-beta,"[Showcase] Multiplayer card game - từ prototype đến beta",forum,Forum,"Game Development",active,"2026-06-03 20:22:05","2026-08-14 10:28:00",,,,,,KEEP,,,
/forum/showcase-mod-minecraft-bang-java-biome-viet-nam,"[Showcase] Mod Minecraft bằng Java - biome Việt Nam",forum,Forum,"Game Development",active,"2026-06-03 20:22:05","2026-08-11 10:29:02",,,,,,KEEP,,,
/forum/showcase-2d-fighting-game-frame-by-frame-animation,"[Showcase] 2D fighting game frame-by-frame animation",forum,Forum,"Game Development",active,"2026-05-03 11:22:05","2026-08-14 07:05:21",,,,,,KEEP,,,
/forum/tim-artist-2d-pixel-cho-game-rpg-remote-part-time,"Tìm artist 2D pixel cho game RPG (remote, part-time)",forum,Forum,"Game Development",active,"2026-06-14 13:22:05","2026-08-14 10:05:42",,,,,,KEEP,,,
/forum/can-programmer-unity-c-cho-du-an-mobile-multiplayer,"Cần programmer Unity C# cho dự án mobile multiplayer",forum,Forum,"Game Development",active,"2026-04-27 19:22:05","2026-08-14 08:03:17",,,,,,KEEP,,,
/forum/tim-sound-designer-cho-horror-game-indie,"Tìm sound designer cho horror game indie",forum,Forum,"Game Development",active,"2026-05-01 15:22:05","2026-08-09 16:53:11",,,,,,KEEP,,,
/forum/team-3-nguoi-tim-them-game-designer-project-casual-game,"Team 3 người tìm thêm game designer - project casual game",forum,Forum,"Game Development",active,"2026-05-05 12:22:05","2026-08-10 00:00:28",,,,,,KEEP,,,
/forum/can-writer-viet-story-cho-visual-novel-18,"Cần writer viết story cho visual novel 18+",forum,Forum,"Game Development",active,"2026-06-01 09:22:05","2026-08-13 09:55:20",,,,,,KEEP,,,
/forum/tim-qa-tester-cho-game-mobile-android-ios,"Tìm QA tester cho game mobile (Android + iOS)",forum,Forum,"Game Development",active,"2026-04-23 05:22:05","2026-08-14 03:44:00",,,,,,KEEP,,,
/forum/backend-developer-nodejs-cho-game-multiplayer-real-time,"Backend developer (Node.js) cho game multiplayer real-time",forum,Forum,"Game Development",active,"2026-05-07 08:22:05","2026-08-14 07:41:52",,,,,,KEEP,,,
/forum/tim-partner-lam-game-arvr-co-funding-san,"Tìm partner làm game AR/VR - có funding sẵn",forum,Forum,"Game Development",active,"2026-06-05 09:22:05","2026-08-14 06:53:21",,,,,,KEEP,,,
/forum/review-khoa-complete-c-unity-game-developer-udemy,"Review khóa Complete C# Unity Game Developer (Udemy)",forum,Forum,"Game Development",active,"2026-05-18 07:22:05","2026-08-13 22:10:50",,,,,,KEEP,,,
/forum/so-sanh-5-khoa-hoc-godot-4-tot-nhat-2026,"So sánh 5 khóa học Godot 4 tốt nhất 2026",forum,Forum,"Game Development",active,"2026-06-05 18:22:05","2026-08-13 15:42:39",,,,,,KEEP,,,
/forum/review-sach-game-programming-patterns-co-dang-doc,"Review sách ""Game Programming Patterns"" - có đáng đọc?",forum,Forum,"Game Development",active,"2026-05-31 04:22:05","2026-08-13 12:00:31",,,,,,KEEP,,,
/forum/khoa-hoc-blender-cho-game-artist-top-3-recommendations,"Khóa học Blender cho game artist - top 3 recommendations",forum,Forum,"Game Development",active,"2026-05-15 14:22:05","2026-08-13 15:00:23",,,,,,KEEP,,,
/forum/review-gamedevtv-bundle-worth-it-cho-beginner,"Review GameDev.tv bundle - worth it cho beginner?",forum,Forum,"Game Development",active,"2026-06-03 13:22:05","2026-08-07 19:07:32",,,,,,KEEP,,,
/forum/hoc-game-dev-qua-youtube-vs-khoa-tra-phi-kinh-nghiem-thuc-te,"Học game dev qua YouTube vs khóa trả phí - kinh nghiệm thực tế",forum,Forum,"Game Development",active,"2026-04-21 12:22:05","2026-08-14 16:26:51",,,,,,KEEP,,,
/forum/tuyen-senior-unity-developer-studio-a-hcm-25-40m,"[Tuyển] Senior Unity Developer - Studio A (HCM, 25-40M)",forum,Forum,"Game Development",active,"2026-05-09 02:22:05","2026-08-12 04:10:51",,,,,,KEEP,,,
/forum/tuyen-3d-artist-cho-game-mobile-remote-fulltime,"[Tuyển] 3D Artist cho game mobile - Remote fulltime",forum,Forum,"Game Development",active,"2026-04-21 16:22:05","2026-08-13 22:42:39",,,,,,KEEP,,,
/forum/tuyen-game-producer-startup-gaming-ha-noi,"[Tuyển] Game Producer - startup gaming Hà Nội",forum,Forum,"Game Development",active,"2026-05-13 22:22:05","2026-08-14 11:08:54",,,,,,KEEP,,,
/forum/tuyen-technical-artist-shadervfx-aaa-studio-vn,"[Tuyển] Technical Artist (Shader/VFX) - AAA studio VN",forum,Forum,"Game Development",active,"2026-05-13 16:22:05","2026-08-13 20:16:13",,,,,,KEEP,,,
/forum/tuyen-intern-game-programmer-co-hoi-cho-sinh-vien,"[Tuyển] Intern Game Programmer - cơ hội cho sinh viên",forum,Forum,"Game Development",active,"2026-06-09 03:22:05","2026-08-14 06:59:41",,,,,,KEEP,,,
/forum/tuyen-qa-lead-cho-mmorpg-project-competitive-salary,"[Tuyển] QA Lead cho MMORPG project - competitive salary",forum,Forum,"Game Development",active,"2026-05-09 10:22:05","2026-08-12 08:39:30",,,,,,KEEP,,,
/forum/ludum-dare-57-sap-toi-ai-tham-gia-team-vn,"Ludum Dare 57 sắp tới - ai tham gia team VN?",forum,Forum,"Game Development",active,"2026-04-26 14:22:05","2026-08-14 13:36:42",,,,,,KEEP,,,
/forum/tips-tricks-cho-game-jam-hoan-thanh-game-trong-48h,"Tips & tricks cho game jam: hoàn thành game trong 48h",forum,Forum,"Game Development",active,"2026-06-15 02:22:05","2026-08-14 04:31:56",,,,,,KEEP,,,
/forum/post-mortem-game-jam-entry-cua-minh-lessons-learned,"Post-mortem: game jam entry của mình - lessons learned",forum,Forum,"Game Development",active,"2026-05-30 12:22:05","2026-08-09 03:34:23",,,,,,KEEP,,,
/forum/to-chuc-game-jam-noi-bo-cho-cong-dong-lamgame,"Tổ chức Game Jam nội bộ cho cộng đồng LamGame",forum,Forum,"Game Development",active,"2026-06-16 07:22:05","2026-08-13 11:17:12",,,,,,KEEP,,,
/forum/gmtk-game-jam-2026-theme-predictions-va-chuan-bi,"GMTK Game Jam 2026 - theme predictions và chuẩn bị",forum,Forum,"Game Development",active,"2026-06-16 21:22:05","2026-08-13 21:11:43",,,,,,KEEP,,,
/forum/game-jam-cho-beginner-bat-dau-tu-dau-scope-the-nao,"Game jam cho beginner: bắt đầu từ đâu, scope thế nào?",forum,Forum,"Game Development",active,"2026-05-14 02:22:05","2026-08-11 22:34:53",,,,,,KEEP,,,
/forum/unity-dots-ecs,"Unity Dots ECS",forum,Forum,"Game Development",active,"2026-07-05 09:49:47","2026-08-14 04:37:41",,,,,,KEEP,,,
/source-game/game-o-quan-50,"Source game ô quan unity",source_game,"Source Game","Game Development",active,"2026-02-05 16:38:44","2026-02-06 10:51:08",,,,,,KEEP,,,
/source-game/,,source_game,"Source Game","Game Development",active,"2026-02-05 16:38:44","2026-02-06 10:51:08",,,,,,KEEP,,,
/source-game/3d-platformer-demo,"3D Platformer Demo",source_game,"Source Game","Game Development",active,"2026-04-22 17:54:21","2026-04-22 17:54:21",,,,,,KEEP,,,
/source-game/3d-platformer-demo,"3D Platformer Demo",source_game,"Source Game","Game Development",active,"2026-04-22 17:54:21","2026-04-22 17:54:21",,,,,,KEEP,,,
/source-game/snake-classic,"Rắn Săn Mồi",source_game,"Source Game","Game Development",active,"2026-04-22 17:54:21","2026-04-22 17:54:21",,,,,,KEEP,,,
/source-game/snake-classic,"Snake Classic",source_game,"Source Game","Game Development",active,"2026-04-22 17:54:21","2026-04-22 17:54:21",,,,,,KEEP,,,
/source-game/flappy-bird-clone,"Chim Bay Vượt Ống",source_game,"Source Game","Game Development",active,"2026-04-22 17:54:21","2026-04-22 17:54:21",,,,,,KEEP,,,
/source-game/flappy-bird-clone,"Flappy Bird Clone",source_game,"Source Game","Game Development",active,"2026-04-22 17:54:21","2026-04-22 17:54:21",,,,,,KEEP,,,
/source-game/tetris-html5,"Xếp Gạch Kinh Điển",source_game,"Source Game","Game Development",active,"2026-04-22 17:54:21","2026-04-22 17:54:21",,,,,,KEEP,,,
/source-game/tetris-html5,"Tetris HTML5",source_game,"Source Game","Game Development",active,"2026-04-22 17:54:21","2026-04-22 17:54:21",,,,,,KEEP,,,
/source-game/pong-multiplayer,"Bóng Bàn Mini",source_game,"Source Game","Game Development",active,"2026-04-22 17:54:21","2026-04-22 17:54:21",,,,,,KEEP,,,
/source-game/pong-multiplayer,"Pong Multiplayer",source_game,"Source Game","Game Development",active,"2026-04-22 17:54:21","2026-04-22 17:54:21",,,,,,KEEP,,,
/source-game/breakout-game,"Phá Gạch",source_game,"Source Game","Game Development",active,"2026-04-22 17:54:21","2026-04-22 17:54:21",,,,,,KEEP,,,
/source-game/breakout-game,"Breakout Game",source_game,"Source Game","Game Development",active,"2026-04-22 17:54:21","2026-04-22 17:54:21",,,,,,KEEP,,,
/source-game/tower-defense-complete,"Phòng Thủ",source_game,"Source Game","Game Development",active,"2026-04-22 17:54:21","2026-04-22 17:54:21",,,,,,KEEP,,,
/source-game/tower-defense-complete,"Tower Defense Complete",source_game,"Source Game","Game Development",active,"2026-04-22 17:54:21","2026-04-22 17:54:21",,,,,,KEEP,,,
/source-game/match-3-candy-game,"Kẹo Ngọt Xếp 3",source_game,"Source Game","Game Development",active,"2026-04-22 17:54:21","2026-04-22 17:54:21",,,,,,KEEP,,,
/source-game/match-3-candy-game,"Match-3 Candy Game",source_game,"Source Game","Game Development",active,"2026-04-22 17:54:21","2026-04-22 17:54:21",,,,,,KEEP,,,
/source-game/endless-runner-3d,"Chạy Bất Tận",source_game,"Source Game","Game Development",active,"2026-04-22 17:54:21","2026-04-22 17:54:21",,,,,,KEEP,,,
/source-game/endless-runner-3d,"Endless Runner 3D",source_game,"Source Game","Game Development",active,"2026-04-22 17:54:21","2026-04-22 17:54:21",,,,,,KEEP,,,
/source-game/card-game-engine,"Xếp Bài Một Mình",source_game,"Source Game","Game Development",active,"2026-04-22 17:54:21","2026-04-22 17:54:21",,,,,,KEEP,,,
/source-game/card-game-engine,"Card Game Engine",source_game,"Source Game","Game Development",active,"2026-04-22 17:54:21","2026-04-22 17:54:21",,,,,,KEEP,,,
/source-game/top-down-shooter,"Bắn Tàu",source_game,"Source Game","Game Development",active,"2026-04-22 17:54:21","2026-04-22 17:54:21",,,,,,KEEP,,,
/source-game/top-down-shooter,"Top-Down Shooter",source_game,"Source Game","Game Development",active,"2026-04-22 17:54:21","2026-04-22 17:54:21",,,,,,KEEP,,,
/source-game/2d-racing-game,"2D Racing Game",source_game,"Source Game","Game Development",active,"2026-04-22 17:54:21","2026-04-22 17:54:21",,,,,,KEEP,,,
/source-game/2d-racing-game,"2D Racing Game",source_game,"Source Game","Game Development",active,"2026-04-22 17:54:21","2026-04-22 17:54:21",,,,,,KEEP,,,
/source-game/farming-simulator-lite,"Farming Simulator Lite",source_game,"Source Game","Game Development",active,"2026-04-22 17:54:21","2026-04-22 17:54:21",,,,,,KEEP,,,
/source-game/farming-simulator-lite,"Farming Simulator Lite",source_game,"Source Game","Game Development",active,"2026-04-22 17:54:21","2026-04-22 17:54:21",,,,,,KEEP,,,
/source-game/quiz-trivia-app,"Đố Vui Kiến Thức",source_game,"Source Game","Game Development",active,"2026-04-22 17:54:21","2026-04-22 17:54:21",,,,,,KEEP,,,
/source-game/quiz-trivia-app,"Quiz Trivia App",source_game,"Source Game","Game Development",active,"2026-04-22 17:54:21","2026-04-22 17:54:21",,,,,,KEEP,,,
/source-game/bubble-shooter,"Bắn Bóng Bóng",source_game,"Source Game","Game Development",active,"2026-04-22 17:54:21","2026-04-22 17:54:21",,,,,,KEEP,,,
/source-game/bubble-shooter,"Bubble Shooter",source_game,"Source Game","Game Development",active,"2026-04-22 17:54:21","2026-04-22 17:54:21",,,,,,KEEP,,,
/source-game/chess-with-ai,"Cờ Vua Online",source_game,"Source Game","Game Development",active,"2026-04-22 17:54:21","2026-04-22 17:54:21",,,,,,KEEP,,,
/source-game/chess-with-ai,"Chess with AI",source_game,"Source Game","Game Development",active,"2026-04-22 17:54:21","2026-04-22 17:54:21",,,,,,KEEP,,,
/source-game/mmorpg-starter-kit,"MMORPG Starter Kit",source_game,"Source Game","Game Development",active,"2026-04-22 17:54:22","2026-04-22 17:54:22",,,,,,KEEP,,,
/source-game/mmorpg-starter-kit,"MMORPG Starter Kit",source_game,"Source Game","Game Development",active,"2026-04-22 17:54:22","2026-04-22 17:54:22",,,,,,KEEP,,,
/source-game/fps-multiplayer-template,"FPS Multiplayer Template",source_game,"Source Game","Game Development",active,"2026-04-22 17:54:22","2026-04-22 17:54:22",,,,,,KEEP,,,
/source-game/fps-multiplayer-template,"FPS Multiplayer Template",source_game,"Source Game","Game Development",active,"2026-04-22 17:54:22","2026-04-22 17:54:22",,,,,,KEEP,,,
/source-game/survival-crafting-game,"Survival Crafting Game",source_game,"Source Game","Game Development",active,"2026-04-22 17:54:22","2026-04-22 17:54:22",,,,,,KEEP,,,
/source-game/survival-crafting-game,"Survival Crafting Game",source_game,"Source Game","Game Development",active,"2026-04-22 17:54:22","2026-04-22 17:54:22",,,,,,KEEP,,,
/source-game/rts-game-framework,"RTS Game Framework",source_game,"Source Game","Game Development",active,"2026-04-22 17:54:22","2026-04-22 17:54:22",,,,,,KEEP,,,
/source-game/rts-game-framework,"RTS Game Framework",source_game,"Source Game","Game Development",active,"2026-04-22 17:54:22","2026-04-22 17:54:22",,,,,,KEEP,,,
/source-game/roguelike-dungeon,"Thoát Mê Cung",source_game,"Source Game","Game Development",active,"2026-04-22 17:54:22","2026-04-22 17:54:22",,,,,,KEEP,,,
/source-game/roguelike-dungeon,"Roguelike Dungeon",source_game,"Source Game","Game Development",active,"2026-04-22 17:54:22","2026-04-22 17:54:22",,,,,,KEEP,,,
/source-game/visual-novel-engine,"Visual Novel Engine",source_game,"Source Game","Game Development",active,"2026-04-22 17:54:22","2026-04-22 17:54:22",,,,,,KEEP,,,
/source-game/visual-novel-engine,"Visual Novel Engine",source_game,"Source Game","Game Development",active,"2026-04-22 17:54:22","2026-04-22 17:54:22",,,,,,KEEP,,,
/source-game/battle-royale-template,"Battle Royale Template",source_game,"Source Game","Game Development",active,"2026-04-22 17:54:22","2026-04-22 17:54:22",,,,,,KEEP,,,
/source-game/battle-royale-template,"Battle Royale Template",source_game,"Source Game","Game Development",active,"2026-04-22 17:54:22","2026-04-22 17:54:22",,,,,,KEEP,,,
/source-game/rhythm-game-complete,"Rhythm Game Complete",source_game,"Source Game","Game Development",active,"2026-04-22 17:54:22","2026-04-22 17:54:22",,,,,,KEEP,,,
/source-game/rhythm-game-complete,"Rhythm Game Complete",source_game,"Source Game","Game Development",active,"2026-04-22 17:54:22","2026-04-22 17:54:22",,,,,,KEEP,,,
/source-game/city-builder-sim,"City Builder Sim",source_game,"Source Game","Game Development",active,"2026-04-22 17:54:22","2026-04-22 17:54:22",,,,,,KEEP,,,
/source-game/city-builder-sim,"City Builder Sim",source_game,"Source Game","Game Development",active,"2026-04-22 17:54:22","2026-04-22 17:54:22",,,,,,KEEP,,,
/source-game/horror-fps-game,"Horror FPS Game",source_game,"Source Game","Game Development",active,"2026-04-22 17:54:22","2026-04-22 17:54:22",,,,,,KEEP,,,
/source-game/horror-fps-game,"Horror FPS Game",source_game,"Source Game","Game Development",active,"2026-04-22 17:54:22","2026-04-22 17:54:22",,,,,,KEEP,,,
/source-game/2048-ghep-so,"2048 Ghép Số",source_game,"Source Game","Game Development",active,"2026-04-24 14:25:27","2026-04-24 14:25:27",,,,,,KEEP,,,
/source-game/2048-ghep-so,"2048 Number Puzzle",source_game,"Source Game","Game Development",active,"2026-04-24 14:25:27","2026-04-24 14:25:27",,,,,,KEEP,,,
/source-game/ban-cung,"Bắn Cung",source_game,"Source Game","Game Development",active,"2026-04-24 14:25:27","2026-04-24 14:25:27",,,,,,KEEP,,,
/source-game/ban-cung,"Archery Game",source_game,"Source Game","Game Development",active,"2026-04-24 14:25:27","2026-04-24 14:25:27",,,,,,KEEP,,,
/source-game/ban-quai-vu-tru,"Bắn Quái Vũ Trụ",source_game,"Source Game","Game Development",active,"2026-04-24 14:25:27","2026-04-24 14:25:27",,,,,,KEEP,,,
/source-game/ban-quai-vu-tru,"Space Invaders",source_game,"Source Game","Game Development",active,"2026-04-24 14:25:27","2026-04-24 14:25:27",,,,,,KEEP,,,
/source-game/bat-emoji,"Bắt Emoji",source_game,"Source Game","Game Development",active,"2026-04-24 14:25:27","2026-04-24 14:25:27",,,,,,KEEP,,,
/source-game/bat-emoji,"Catch Emoji",source_game,"Source Game","Game Development",active,"2026-04-24 14:25:27","2026-04-24 14:25:27",,,,,,KEEP,,,
/source-game/bong-nay,"Bóng Nảy",source_game,"Source Game","Game Development",active,"2026-04-24 14:25:27","2026-04-24 14:25:27",,,,,,KEEP,,,
/source-game/bong-nay,"Bounce Ball",source_game,"Source Game","Game Development",active,"2026-04-24 14:25:27","2026-04-24 14:25:27",,,,,,KEEP,,,
/source-game/chem-hoa-qua,"Chém Hoa Quả",source_game,"Source Game","Game Development",active,"2026-04-24 14:25:27","2026-04-24 14:25:27",,,,,,KEEP,,,
/source-game/chem-hoa-qua,"Fruit Ninja",source_game,"Source Game","Game Development",active,"2026-04-24 14:25:27","2026-04-24 14:25:27",,,,,,KEEP,,,
/source-game/click-banh,"Click Bánh",source_game,"Source Game","Game Development",active,"2026-04-24 14:25:27","2026-04-24 14:25:27",,,,,,KEEP,,,
/source-game/click-banh,"Cookie Clicker",source_game,"Source Game","Game Development",active,"2026-04-24 14:25:27","2026-04-24 14:25:27",,,,,,KEEP,,,
/source-game/click-hinh,"Click Hình",source_game,"Source Game","Game Development",active,"2026-04-24 14:25:27","2026-04-24 14:25:27",,,,,,KEEP,,,
/source-game/click-hinh,"Shape Clicker",source_game,"Source Game","Game Development",active,"2026-04-24 14:25:27","2026-04-24 14:25:27",,,,,,KEEP,,,
/source-game/co-ca-ro,"Cờ Ca Rô",source_game,"Source Game","Game Development",active,"2026-04-24 14:25:27","2026-04-24 14:25:27",,,,,,KEEP,,,
/source-game/co-ca-ro,"Tic Tac Toe",source_game,"Source Game","Game Development",active,"2026-04-24 14:25:27","2026-04-24 14:25:27",,,,,,KEEP,,,
/source-game/co-dam,"Cờ Đam",source_game,"Source Game","Game Development",active,"2026-04-24 14:25:27","2026-04-24 14:25:27",,,,,,KEEP,,,
/source-game/co-dam,Checkers,source_game,"Source Game","Game Development",active,"2026-04-24 14:25:27","2026-04-24 14:25:27",,,,,,KEEP,,,
/source-game/dap-chuot,"Đập Chuột",source_game,"Source Game","Game Development",active,"2026-04-24 14:25:27","2026-04-24 14:25:27",,,,,,KEEP,,,
/source-game/dap-chuot,"Whack a Mole",source_game,"Source Game","Game Development",active,"2026-04-24 14:25:27","2026-04-24 14:25:27",,,,,,KEEP,,,
/source-game/do-min,"Dò Mìn",source_game,"Source Game","Game Development",active,"2026-04-24 14:25:27","2026-05-06 00:26:17",,,,,,KEEP,,,
/source-game/do-min,Minesweeper,source_game,"Source Game","Game Development",active,"2026-04-24 14:25:27","2026-05-06 00:26:17",,,,,,KEEP,,,
/source-game/doan-chu,"Đoán Chữ",source_game,"Source Game","Game Development",active,"2026-04-24 14:25:27","2026-04-24 14:25:27",,,,,,KEEP,,,
/source-game/doan-chu,Hangman,source_game,"Source Game","Game Development",active,"2026-04-24 14:25:27","2026-04-24 14:25:27",,,,,,KEEP,,,
/source-game/doan-tu,"Đoán Từ - Test Update",source_game,"Source Game","Game Development",active,"2026-04-24 14:25:27","2026-05-06 00:36:24",,,,,,KEEP,,,
/source-game/doan-tu,"Wordle Clone",source_game,"Source Game","Game Development",active,"2026-04-24 14:25:27","2026-05-06 00:36:24",,,,,,KEEP,,,
/source-game/ech-qua-duong,"Ếch Qua Đường",source_game,"Source Game","Game Development",active,"2026-04-24 14:25:27","2026-04-24 14:25:27",,,,,,KEEP,,,
/source-game/ech-qua-duong,Frogger,source_game,"Source Game","Game Development",active,"2026-04-24 14:25:27","2026-04-24 14:25:27",,,,,,KEEP,,,
/source-game/go-phim-nhanh,"Gõ Phím Nhanh",source_game,"Source Game","Game Development",active,"2026-04-24 14:25:27","2026-04-24 14:25:27",,,,,,KEEP,,,
/source-game/go-phim-nhanh,"Typing Speed",source_game,"Source Game","Game Development",active,"2026-04-24 14:25:27","2026-04-24 14:25:27",,,,,,KEEP,,,
/source-game/hung-con-trung,"Hứng Côn Trùng",source_game,"Source Game","Game Development",active,"2026-04-24 14:25:27","2026-04-24 14:25:27",,,,,,KEEP,,,
/source-game/hung-con-trung,"Bug Catcher",source_game,"Source Game","Game Development",active,"2026-04-24 14:25:27","2026-04-24 14:25:27",,,,,,KEEP,,,
/source-game/keo-bua-bao,"Kéo Búa Bao",source_game,"Source Game","Game Development",active,"2026-04-24 14:25:27","2026-04-24 14:25:27",,,,,,KEEP,,,
/source-game/keo-bua-bao,"Rock Paper Scissors",source_game,"Source Game","Game Development",active,"2026-04-24 14:25:27","2026-04-24 14:25:27",,,,,,KEEP,,,
/source-game/kim-cuong,"Kim Cương",source_game,"Source Game","Game Development",active,"2026-04-24 14:25:27","2026-04-24 14:25:27",,,,,,KEEP,,,
/source-game/kim-cuong,"Diamond Match",source_game,"Source Game","Game Development",active,"2026-04-24 14:25:27","2026-04-24 14:25:27",,,,,,KEEP,,,
/source-game/lat-the-nho,"Lật Thẻ Nhớ",source_game,"Source Game","Game Development",active,"2026-04-24 14:25:27","2026-04-24 14:25:27",,,,,,KEEP,,,
/source-game/lat-the-nho,"Memory Card",source_game,"Source Game","Game Development",active,"2026-04-24 14:25:27","2026-04-24 14:25:27",,,,,,KEEP,,,
/source-game/ma-tran-an-diem,"Ma Trận Ăn Điểm",source_game,"Source Game","Game Development",active,"2026-04-24 14:25:27","2026-04-24 14:25:27",,,,,,KEEP,,,
/source-game/ma-tran-an-diem,"Pac-Man Clone",source_game,"Source Game","Game Development",active,"2026-04-24 14:25:27","2026-04-24 14:25:27",,,,,,KEEP,,,
/source-game/may-xeng-may-man,"Máy Xèng May Mắn",source_game,"Source Game","Game Development",active,"2026-04-24 14:25:27","2026-04-24 14:25:27",,,,,,KEEP,,,
/source-game/may-xeng-may-man,"Slot Machine",source_game,"Source Game","Game Development",active,"2026-04-24 14:25:27","2026-04-24 14:25:27",,,,,,KEEP,,,
/source-game/nguoi-que,"Người Que",source_game,"Source Game","Game Development",active,"2026-04-24 14:25:27","2026-04-24 14:25:27",,,,,,KEEP,,,
/source-game/nguoi-que,"Stickman Game",source_game,"Source Game","Game Development",active,"2026-04-24 14:25:27","2026-04-24 14:25:27",,,,,,KEEP,,,
/source-game/nhay-hinh-hoc,"Nhảy Hình Học",source_game,"Source Game","Game Development",active,"2026-04-24 14:25:27","2026-04-24 14:25:27",,,,,,KEEP,,,
/source-game/nhay-hinh-hoc,"Geometry Dash",source_game,"Source Game","Game Development",active,"2026-04-24 14:25:27","2026-04-24 14:25:27",,,,,,KEEP,,,
/source-game/nhen-xep-bai,"Nhện Xếp Bài",source_game,"Source Game","Game Development",active,"2026-04-24 14:25:27","2026-04-24 14:25:27",,,,,,KEEP,,,
/source-game/nhen-xep-bai,"Spider Solitaire",source_game,"Source Game","Game Development",active,"2026-04-24 14:25:27","2026-04-24 14:25:27",,,,,,KEEP,,,
/source-game/noi-4,"Nối 4",source_game,"Source Game","Game Development",active,"2026-04-24 14:25:27","2026-04-24 14:25:27",,,,,,KEEP,,,
/source-game/noi-4,"Connect Four",source_game,"Source Game","Game Development",active,"2026-04-24 14:25:27","2026-04-24 14:25:27",,,,,,KEEP,,,
/source-game/qua-duong-an-toan,"Qua Đường An Toàn",source_game,"Source Game","Game Development",active,"2026-04-24 14:25:27","2026-04-24 14:25:27",,,,,,KEEP,,,
/source-game/qua-duong-an-toan,"Crossy Road",source_game,"Source Game","Game Development",active,"2026-04-24 14:25:27","2026-04-24 14:25:27",,,,,,KEEP,,,
/source-game/ran-io,"Rắn IO",source_game,"Source Game","Game Development",active,"2026-04-24 14:25:27","2026-04-24 14:25:27",,,,,,KEEP,,,
/source-game/ran-io,"Snake IO",source_game,"Source Game","Game Development",active,"2026-04-24 14:25:27","2026-04-24 14:25:27",,,,,,KEEP,,,
/source-game/simon-noi,"Simon Nói",source_game,"Source Game","Game Development",active,"2026-04-24 14:25:27","2026-04-24 14:25:27",,,,,,KEEP,,,
/source-game/simon-noi,"Simon Says",source_game,"Source Game","Game Development",active,"2026-04-24 14:25:27","2026-04-24 14:25:27",,,,,,KEEP,,,
/source-game/sudoku-vui,"Sudoku Vui",source_game,"Source Game","Game Development",active,"2026-04-24 14:25:27","2026-04-24 14:25:27",,,,,,KEEP,,,
/source-game/sudoku-vui,Sudoku,source_game,"Source Game","Game Development",active,"2026-04-24 14:25:27","2026-04-24 14:25:27",,,,,,KEEP,,,
/source-game/test-phan-xa,"Test Phản Xạ",source_game,"Source Game","Game Development",active,"2026-04-24 14:25:27","2026-04-24 14:25:27",,,,,,KEEP,,,
/source-game/test-phan-xa,"Reaction Test",source_game,"Source Game","Game Development",active,"2026-04-24 14:25:27","2026-04-24 14:25:27",,,,,,KEEP,,,
/source-game/xep-hinh-truot,"Xếp Hình Trượt",source_game,"Source Game","Game Development",active,"2026-04-24 14:25:27","2026-04-24 14:25:27",,,,,,KEEP,,,
/source-game/xep-hinh-truot,"Sliding Puzzle",source_game,"Source Game","Game Development",active,"2026-04-24 14:25:27","2026-04-24 14:25:27",,,,,,KEEP,,,
/source-game/xep-thap,"Xếp Tháp",source_game,"Source Game","Game Development",active,"2026-04-24 14:25:27","2026-04-24 14:25:27",,,,,,KEEP,,,
/source-game/xep-thap,"Stack Tower",source_game,"Source Game","Game Development",active,"2026-04-24 14:25:27","2026-04-24 14:25:27",,,,,,KEEP,,,
/source-game/xuc-xac-may-man,"Xúc Xắc May Mắn",source_game,"Source Game","Game Development",active,"2026-04-24 14:25:27","2026-04-24 14:25:27",,,,,,KEEP,,,
/source-game/xuc-xac-may-man,"Lucky Dice",source_game,"Source Game","Game Development",active,"2026-04-24 14:25:27","2026-04-24 14:25:27",,,,,,KEEP,,,
/source-game/flappy-bird-godot-4,"Flappy Bird Godot 4 — Source Code Hoàn Chỉnh",source_game,"Source Game","Game Development",inactive,"2026-07-28 11:22:39","2026-07-29 17:54:00",,,,,,KEEP,,,
/source-game/,,source_game,"Source Game","Game Development",inactive,"2026-07-29 14:03:29","2026-07-29 17:54:01",,,,,,KEEP,,,
/viec-lam-game/s-38,"Unity Developer Intern",job,"Việc làm","Game Developer Career",active,"2025-12-12 18:35:38","2026-08-14 02:27:01",,,,,,KEEP,,,
/viec-lam-game/thực-tập-sinh-game-designer-39,"Thực Tập Sinh Game Designer",job,"Việc làm","Game Developer Career",active,"2025-12-13 18:09:53","2026-08-14 02:27:08",,,,,,KEEP,,,
/viec-lam-game/game-designer-40,"Game Designer",job,"Việc làm","Game Developer Career",active,"2025-12-13 18:15:51","2026-08-14 02:27:14",,,,,,KEEP,,,
/viec-lam-game/fresher-ua-marketing-(game/app)-41,"Fresher UA Marketing",job,"Việc làm","Game Developer Career",active,"2025-12-13 18:35:26","2026-07-28 13:50:05",,,,,,KEEP,,,
/viec-lam-game/game-designer-intern-42,"Game Designer Intern",job,"Việc làm","Game Developer Career",active,"2025-12-14 02:08:46","2026-08-14 02:26:53",,,,,,KEEP,,,
/viec-lam-game/cộng-tác-viên-chăm-sóc-khách-hàng-43,"Cộng Tác Viên Chăm Sóc Khách Hàng",job,"Việc làm","Game Developer Career",active,"2025-12-14 02:50:28","2026-08-14 02:26:53",,,,,,KEEP,,,
/viec-lam-game/senior-2d-game-artist-44,"Senior 2D Game Artist",job,"Việc làm","Game Developer Career",active,"2025-12-14 03:04:24","2026-08-14 02:26:53",,,,,,KEEP,,,
/viec-lam-game/job-overview-and-responsibility-45,"Senior Software Engineer – Backend Go, Java",job,"Việc làm","Game Developer Career",active,"2025-12-22 14:37:54","2026-08-14 02:26:54",,,,,,KEEP,,,
/viec-lam-game/senior-hoặc-lead-backend-engineer-(golang)-46,"Senior Hoặc Lead Backend Engineer (Golang)",job,"Việc làm","Game Developer Career",active,"2025-12-22 17:42:27","2026-08-14 02:26:54",,,,,,KEEP,,,
"/viec-lam-game/senior-backend-java,golang-47","Senior Backend Java,Golang",job,"Việc làm","Game Developer Career",active,"2025-12-22 17:54:27","2026-08-14 12:25:45",,,,,,KEEP,,,
/viec-lam-game/korean-coordinator-6JLkCA,"Korean Coordinator",job,"Việc làm","Game Developer Career",active,"2026-04-27 22:32:24","2026-08-13 21:54:51",,,,,,KEEP,,,
/viec-lam-game/chuyen-gia-phong-chinh-sach-che-do-tai-chinh-ke-toan-khoi-tai-chinh-ke-toan-2026td453071-Iglfvy,"Chuyên gia - Phòng Chính sách chế độ tài chính kế toán - Khối Tài chính Kế toán (2026TD453071)",job,"Việc làm","Game Developer Career",active,"2026-04-27 22:32:24","2026-08-14 06:16:26",,,,,,KEEP,,,
/viec-lam-game/it-project-leader-l9IpiV,"IT Project Leader",job,"Việc làm","Game Developer Career",active,"2026-04-27 22:46:08","2026-08-09 20:17:50",,,,,,KEEP,,,
/viec-lam-game/quan-tri-co-so-du-lieu-dba-iou7h5,"Quản trị cơ sở dữ liệu (DBA)",job,"Việc làm","Game Developer Career",active,"2026-04-27 22:46:08","2026-08-14 16:09:23",,,,,,KEEP,,,
/viec-lam-game/ky-su-he-thong-system-engineer-wpbDyA,"Kỹ Sư Hệ Thống (System Engineer)",job,"Việc làm","Game Developer Career",active,"2026-04-27 22:46:08","2026-08-08 17:16:29",,,,,,KEEP,,,
/viec-lam-game/ky-su-ket-cau-luong-tu-22-30-trieu-PRR4EE,"Kỹ Sư Kết Cấu (Lương Từ 22 - 30 Triệu)",job,"Việc làm","Game Developer Career",archived,"2026-04-27 22:46:08","2026-07-28 13:50:05",,,,,,KEEP,,,
/viec-lam-game/chuyen-vien-cao-cap-phong-tai-chinh-khoi-tai-chinh-ke-toan-2026td453072-yCmNpI,"Chuyên viên cao cấp - Phòng Tài chính - Khối Tài chính Kế toán (2026TD453072)",job,"Việc làm","Game Developer Career",active,"2026-04-27 22:46:08","2026-08-13 10:42:39",,,,,,KEEP,,,
/viec-lam-game/tro-ly-giam-doc-thanh-thao-tieng-han-Ljrbzy,"TRỢ LÝ GIÁM ĐỐC (THÀNH THẠO TIẾNG HÀN)",job,"Việc làm","Game Developer Career",active,"2026-04-27 22:46:08","2026-08-13 23:28:15",,,,,,KEEP,,,
/viec-lam-game/it-chuyen-vien-quan-tri-co-so-du-lieu-ZxDmBN,"IT - Chuyên Viên Quản Trị Cơ Sở Dữ Liệu",job,"Việc làm","Game Developer Career",active,"2026-04-27 22:46:08","2026-08-09 20:16:06",,,,,,KEEP,,,
/viec-lam-game/chuyen-vien-ifrs-phong-ke-toan-tong-hop-khoi-tai-chinh-ke-toan-2026td453113-dyyQUx,"Chuyên viên IFRS - Phòng Kế toán tổng hợp - Khối Tài chính Kế toán (2026TD453113)",job,"Việc làm","Game Developer Career",active,"2026-04-27 22:46:08","2026-08-09 11:52:02",,,,,,KEEP,,,
/viec-lam-game/backend-developer-9VnLlt,"Backend Developer",job,"Việc làm","Game Developer Career",active,"2026-04-27 22:46:08","2026-08-14 10:54:40",,,,,,KEEP,,,
/viec-lam-game/ke-toan-truong-HvZB7O,"KẾ TOÁN TRƯỞNG",job,"Việc làm","Game Developer Career",archived,"2026-04-27 22:46:08","2026-07-28 13:50:05",,,,,,KEEP,,,
/viec-lam-game/french-speaking-technical-consultant-p4T6iI,"French Speaking Technical Consultant",job,"Việc làm","Game Developer Career",active,"2026-04-27 22:46:08","2026-08-09 07:08:39",,,,,,KEEP,,,
/viec-lam-game/java-backend-developer-seniorleader-NQWcRX,"Java Backend Developer (Senior/Leader)",job,"Việc làm","Game Developer Career",active,"2026-04-27 22:46:08","2026-08-14 02:26:54",,,,,,KEEP,,,
/viec-lam-game/python-developer-middle-PESrRE,"Python Developer (Middle)",job,"Việc làm","Game Developer Career",active,"2026-04-27 22:46:08","2026-08-14 02:26:54",,,,,,KEEP,,,
/viec-lam-game/senior-automation-tester-e0kc7E,"Senior Automation Tester",job,"Việc làm","Game Developer Career",active,"2026-04-27 22:46:08","2026-08-14 00:49:39",,,,,,KEEP,,,
/viec-lam-game/tester-middle-HDL6Nq,"TESTER - MIDDLE",job,"Việc làm","Game Developer Career",active,"2026-04-27 22:46:08","2026-08-09 13:02:34",,,,,,KEEP,,,
/viec-lam-game/ky-su-cau-noi-brse-ZsolK6,"Kỹ sư Cầu nối BrSE",job,"Việc làm","Game Developer Career",active,"2026-04-27 22:47:41","2026-08-13 16:36:25",,,,,,KEEP,,,
/viec-lam-game/server-developer-c-language-kArcDE,"Server Developer (C Language)",job,"Việc làm","Game Developer Career",active,"2026-04-27 22:49:12","2026-08-13 18:17:32",,,,,,KEEP,,,
/viec-lam-game/web-developer-front-end-MKkmzX,"Web Developer (Front-end)",job,"Việc làm","Game Developer Career",active,"2026-04-27 22:49:12","2026-08-10 07:53:35",,,,,,KEEP,,,
/viec-lam-game/senior-sales-executive-mrEOuH,"Senior Sales Executive",job,"Việc làm","Game Developer Career",active,"2026-04-27 22:49:12","2026-08-14 04:51:37",,,,,,KEEP,,,
/viec-lam-game/ba-cum-qaqc-HVeou6,"BA cum QA/QC",job,"Việc làm","Game Developer Career",active,"2026-04-27 22:49:12","2026-08-09 00:28:04",,,,,,KEEP,,,
/viec-lam-game/project-coordinator-it-comtor-biet-tieng-han-qqvMOS,"Project Coordinator/ IT Comtor (Biết tiếng Hàn)",job,"Việc làm","Game Developer Career",active,"2026-04-27 22:49:12","2026-08-10 20:55:11",,,,,,KEEP,,,
/viec-lam-game/business-analyst-ba-zkPQyf,"Business Analyst (BA)",job,"Việc làm","Game Developer Career",archived,"2026-04-27 23:03:18","2026-07-28 13:50:05",,,,,,KEEP,,,
/viec-lam-game/java-developer-Ybk04W,"Java Developer",job,"Việc làm","Game Developer Career",active,"2026-04-27 23:03:18","2026-08-13 12:19:58",,,,,,KEEP,,,
/viec-lam-game/android-developer-OkhN9i,"Android Developer",job,"Việc làm","Game Developer Career",active,"2026-04-27 23:03:18","2026-08-08 21:33:14",,,,,,KEEP,,,
/viec-lam-game/lead-3d-artist-team-leader-3dsmax-unreal-engine-PptTGX,"Lead 3D Artist (Team Leader – 3dsmax - Unreal Engine)",job,"Việc làm","Game Developer Career",active,"2026-04-27 23:03:18","2026-08-09 19:12:50",,,,,,KEEP,,,
/viec-lam-game/lap-trinh-vien-phat-trien-ung-dung-web-integration-data-microservices-Vy29uQ,"Lập trình viên phát triển ứng dụng Web (Integration, Data & Microservices)",job,"Việc làm","Game Developer Career",active,"2026-04-27 23:03:18","2026-08-14 12:42:08",,,,,,KEEP,,,
/viec-lam-game/ky-su-bao-mat-thong-tin-IGHLoO,"Kỹ Sư Bảo Mật Thông Tin",job,"Việc làm","Game Developer Career",active,"2026-04-27 23:03:18","2026-08-08 12:21:24",,,,,,KEEP,,,
/viec-lam-game/ky-su-phat-trien-phan-mem-c-tieng-nhat-n3-ipDrPB,"Kỹ Sư Phát Triển Phần Mềm (C/ Tiếng Nhật N3)",job,"Việc làm","Game Developer Career",active,"2026-04-27 23:03:18","2026-08-10 05:34:22",,,,,,KEEP,,,
/viec-lam-game/da-nang-senior-power-platform-developer-microsoft-365-CKcwjY,"[DA NANG] SENIOR POWER PLATFORM DEVELOPER (Microsoft 365)",job,"Việc làm","Game Developer Career",active,"2026-04-27 23:03:18","2026-08-10 16:57:17",,,,,,KEEP,,,
/viec-lam-game/hot-kien-truc-su-giai-phap-cntt-S5GTKI,"[HOT] Kiến trúc sư giải pháp CNTT",job,"Việc làm","Game Developer Career",archived,"2026-04-27 23:03:18","2026-07-28 13:50:05",,,,,,KEEP,,,
/viec-lam-game/junior-fullstack-developer-QpAVPa,"JUNIOR FULLSTACK DEVELOPER",job,"Việc làm","Game Developer Career",active,"2026-04-27 23:03:18","2026-08-14 12:14:35",,,,,,KEEP,,,
/viec-lam-game/cvc-data-governance-mPImPa,"CVC Data Governance",job,"Việc làm","Game Developer Career",active,"2026-04-27 23:03:18","2026-08-09 08:46:29",,,,,,KEEP,,,
/viec-lam-game/business-analyst-hjEvrj,"Business Analyst",job,"Việc làm","Game Developer Career",active,"2026-04-27 23:04:49","2026-08-10 13:46:23",,,,,,KEEP,,,
/viec-lam-game/customer-support-specialist-zCPqb8,"Customer Support Specialist",job,"Việc làm","Game Developer Career",active,"2026-04-27 23:04:49","2026-08-13 10:13:46",,,,,,KEEP,,,
/viec-lam-game/data-analyst-6relAL,"Data Analyst",job,"Việc làm","Game Developer Career",active,"2026-04-27 23:04:49","2026-08-13 06:38:15",,,,,,KEEP,,,
/viec-lam-game/data-engineer-1ImgU9,"Data Engineer",job,"Việc làm","Game Developer Career",active,"2026-04-27 23:04:49","2026-08-14 04:57:39",,,,,,KEEP,,,
/viec-lam-game/ai-engineer-MPHQPF,"AI Engineer",job,"Việc làm","Game Developer Career",active,"2026-04-27 23:04:49","2026-08-14 14:53:16",,,,,,KEEP,,,
/viec-lam-game/business-process-consultants-mid-to-manager-levels-ywRAKi,"Business Process Consultants (Mid to Manager levels)",job,"Việc làm","Game Developer Career",active,"2026-04-27 23:15:09","2026-08-11 19:36:54",,,,,,KEEP,,,
/viec-lam-game/quan-li-crm-marketing-xLBZpm,"Quản lí CRM Marketing",job,"Việc làm","Game Developer Career",active,"2026-04-27 23:18:06","2026-08-13 11:44:04",,,,,,KEEP,,,
/viec-lam-game/project-leader-brse-japanese-n2-lMMC4Z,"Project Leader/ BrSE (Japanese N2+)",job,"Việc làm","Game Developer Career",active,"2026-06-20 16:02:14","2026-08-08 11:45:13",,,,,,KEEP,,,
/viec-lam-game/rd-system-engineer-xny6f9,"R&D System Engineer",job,"Việc làm","Game Developer Career",active,"2026-06-20 16:02:14","2026-08-14 15:00:56",,,,,,KEEP,,,
/viec-lam-game/2026-csantt-chuyen-vien-chinh-sach-an-ninh-thong-tin-chuyen-ve-chinh-sach-tuan-thu-WnMlyr,"[2026_CSANTT]_Chuyên viên Chính sách an ninh thông tin (chuyên về Chính sách, tuân thủ)",job,"Việc làm","Game Developer Career",active,"2026-06-20 16:02:14","2026-07-28 13:50:05",,,,,,KEEP,,,
/viec-lam-game/it-business-analyst-B8UH8A,"IT Business Analyst",job,"Việc làm","Game Developer Career",active,"2026-06-20 16:02:14","2026-08-08 13:00:37",,,,,,KEEP,,,
/viec-lam-game/data-analytics-consultant-data-science-gk5j0B,"Data Analytics Consultant (Data Science)",job,"Việc làm","Game Developer Career",active,"2026-06-20 16:02:14","2026-08-13 22:09:31",,,,,,KEEP,,,
/viec-lam-game/cvcccvc-van-hanh-core-247-v0hymX,"CVCC/CVC Vận hành Core 24/7",job,"Việc làm","Game Developer Career",archived,"2026-06-20 16:02:14","2026-07-28 13:50:05",,,,,,KEEP,,,
/viec-lam-game/chuyen-vien-tu-van-khach-hang-ca-nhan-chuyen-vien-ub-1-3-nam-kinh-nghiem-thanh-tich-tot-va-rat-tot-cn-tuyen-quang-phuong-minh-xuan-tuyen-quang-2026td451302-YXvNvh,"Chuyên viên Tư vấn Khách hàng Cá nhân (Chuyên viên UB) (1-3 năm Kinh nghiệm, thành tích Tốt và Rất Tốt) - CN. Tuyên Quang - Phường Minh Xuân, Tuyên Quang (2026TD451302)",job,"Việc làm","Game Developer Career",active,"2026-06-20 16:02:14","2026-08-13 23:32:39",,,,,,KEEP,,,
/viec-lam-game/guidewire-developer-japanese-speaking-onTNWk,"Guidewire Developer (Japanese Speaking)",job,"Việc làm","Game Developer Career",active,"2026-06-20 16:02:14","2026-08-14 16:05:59",,,,,,KEEP,,,
/viec-lam-game/telesales-team-leader-Ajgr8b,"TELESALES TEAM LEADER",job,"Việc làm","Game Developer Career",archived,"2026-06-20 16:02:14","2026-07-28 13:50:05",,,,,,KEEP,,,
/viec-lam-game/khoi-cntt-cvcvccvcc-van-hanh-ha-tang-QtBz6T,"Khối CNTT - CV/CVC/CVCC Vận hành hạ tầng",job,"Việc làm","Game Developer Career",archived,"2026-06-20 16:02:14","2026-07-28 13:50:05",,,,,,KEEP,,,
/viec-lam-game/chuyen-vienchuyen-vien-cao-cap-phat-trien-ung-dung-backend-wcKMZe,"Chuyên viên/Chuyên viên cao cấp Phát triển ứng dụng BackEnd",job,"Việc làm","Game Developer Career",active,"2026-06-20 16:02:14","2026-08-14 02:42:34",,,,,,KEEP,,,
/viec-lam-game/ke-toan-quan-tri-cong-trinh-038ihb,"Kế Toán Quản Trị Công Trình",job,"Việc làm","Game Developer Career",archived,"2026-06-20 16:02:14","2026-07-28 13:50:05",,,,,,KEEP,,,
/viec-lam-game/sales-admin-WyKFmJ,"SALES ADMIN",job,"Việc làm","Game Developer Career",archived,"2026-06-20 16:02:14","2026-07-28 13:50:05",,,,,,KEEP,,,
/viec-lam-game/japanese-sales-project-coordinator-webtoon-9NJkOU,"Japanese Sales & Project Coordinator - Webtoon",job,"Việc làm","Game Developer Career",active,"2026-06-20 16:02:14","2026-08-13 23:57:40",,,,,,KEEP,,,
/viec-lam-game/2026-svxs-qlrr-sinh-vien-tai-nang-khoi-quan-ly-rui-ro-VHTmbs,"[2026_SVXS_QLRR]_Sinh viên tài năng Khối Quản lý rủi ro",job,"Việc làm","Game Developer Career",active,"2026-06-20 16:02:14","2026-07-28 13:50:05",,,,,,KEEP,,,
/viec-lam-game/nhan-vien-trien-khai-namnu-iGkl9Y,"Nhân viên Triển khai (Nam/Nữ)",job,"Việc làm","Game Developer Career",active,"2026-06-20 16:03:20","2026-08-08 12:22:45",,,,,,KEEP,,,
/viec-lam-game/security-architect-dqQEvE,"Security Architect",job,"Việc làm","Game Developer Career",active,"2026-06-20 16:04:25","2026-08-11 06:52:21",,,,,,KEEP,,,
/viec-lam-game/technical-lead-net-or-nodejs-c5Kyb4,"Technical Lead (.NET or NodeJS)",job,"Việc làm","Game Developer Career",active,"2026-06-20 16:09:50","2026-08-14 12:01:08",,,,,,KEEP,,,
/viec-lam-game/chuyen-vien-kinh-doanh-tin-dung-so-digital-credit-business-specialist-khoi-ngan-hang-so-2026td454874-HDnf0M,"Chuyên viên kinh doanh tín dụng số - Digital Credit Business Specialist - Khối Ngân hàng số (2026TD454874)",job,"Việc làm","Game Developer Career",active,"2026-06-20 16:10:55","2026-08-14 04:24:30",,,,,,KEEP,,,
/viec-lam-game/ky-su-thiet-ke-san-pham-industrial-designer-wearable-kgvrUq,"KỸ SƯ THIẾT KẾ SẢN PHẨM – INDUSTRIAL DESIGNER (WEARABLE)",job,"Việc làm","Game Developer Career",active,"2026-06-20 16:12:01","2026-08-14 06:05:14",,,,,,KEEP,,,
/viec-lam-game/ky-su-thiet-ke-pcb-pcb-hardware-engineer-full-time-WUpZ6r,"KỸ SƯ THIẾT KẾ PCB – PCB HARDWARE ENGINEER  (Full-Time)",job,"Việc làm","Game Developer Career",active,"2026-06-20 16:12:01","2026-08-09 12:50:17",,,,,,KEEP,,,
/viec-lam-game/khoi-cntt-cvcvccvcc-quan-ly-du-an-8TQu8C,"Khối CNTT - CV/CVC/CVCC Quản lý dự án",job,"Việc làm","Game Developer Career",archived,"2026-06-20 16:12:01","2026-07-28 13:50:05",,,,,,KEEP,,,
/viec-lam-game/it-helpdesk-8hSYxh,"IT Helpdesk",job,"Việc làm","Game Developer Career",active,"2026-06-20 16:12:01","2026-08-09 19:43:23",,,,,,KEEP,,,
/viec-lam-game/cvcc-cvc-cv-van-hanh-the-TOnrN5,"CVCC/ CVC/ CV Vận hành thẻ",job,"Việc làm","Game Developer Career",archived,"2026-06-20 16:13:07","2026-07-28 13:50:05",,,,,,KEEP,,,
/viec-lam-game/chuyen-vien-quan-tri-thanh-khoan-phong-can-doi-nguon-von-va-thanh-khoan-h3FCGO,"CHUYÊN VIÊN QUẢN TRỊ THANH KHOẢN - PHÒNG CÂN ĐỐI NGUỒN VỐN VÀ THANH KHOẢN",job,"Việc làm","Game Developer Career",active,"2026-06-20 16:16:21","2026-08-14 00:47:39",,,,,,KEEP,,,
/viec-lam-game/business-analyst-ba-H1Qv5D,"BUSINESS ANALYST (BA)",job,"Việc làm","Game Developer Career",archived,"2026-06-20 16:17:31","2026-07-28 13:50:05",,,,,,KEEP,,,
/viec-lam-game/ke-toan-tong-hop-BbRKyT,"Kế Toán Tổng Hợp",job,"Việc làm","Game Developer Career",archived,"2026-06-20 16:17:31","2026-07-28 13:50:05",,,,,,KEEP,,,
/viec-lam-game/system-support-ZZcptG,"System Support",job,"Việc làm","Game Developer Career",active,"2026-06-20 16:17:31","2026-08-14 05:14:18",,,,,,KEEP,,,
/viec-lam-game/senior-application-architect-BOasWt,"Senior Application Architect",job,"Việc làm","Game Developer Career",active,"2026-06-20 16:17:31","2026-08-13 08:38:48",,,,,,KEEP,,,
/viec-lam-game/senior-tester-1kXAYb,"Senior Tester",job,"Việc làm","Game Developer Career",active,"2026-06-20 16:17:31","2026-08-14 13:17:36",,,,,,KEEP,,,
/viec-lam-game/devops-engineer-aws-cloud-linuxunix-M9qLBy,"DevOps Engineer (AWS Cloud, Linux/Unix)",job,"Việc làm","Game Developer Career",active,"2026-06-20 16:17:31","2026-08-12 12:45:59",,,,,,KEEP,,,
/viec-lam-game/golang-backend-engineer-Uedmy6,"Golang Backend Engineer",job,"Việc làm","Game Developer Career",active,"2026-06-20 16:17:31","2026-08-14 17:00:58",,,,,,KEEP,,,
/viec-lam-game/senior-business-analyst-fmCqko,"Senior Business Analyst",job,"Việc làm","Game Developer Career",archived,"2026-06-20 16:17:31","2026-07-28 13:50:05",,,,,,KEEP,,,
/viec-lam-game/nhan-vien-hanh-chinh-gan-nhan-du-lieu-hinh-anh-ai-khong-yeu-cau-kinh-nghiem-X2E9th,"Nhân Viên Hành Chính: Gán Nhãn Dữ Liệu Hình Anh AI - Không Yêu Cầu Kinh Nghiệm",job,"Việc làm","Game Developer Career",active,"2026-06-20 16:17:31","2026-08-13 08:38:44",,,,,,KEEP,,,
/viec-lam-game/chuyen-vien-quan-tri-bao-mat-mang-network-security-administrator-AhMCXE,"CHUYÊN VIÊN QUẢN TRỊ BẢO MẬT MẠNG (NETWORK SECURITY ADMINISTRATOR)",job,"Việc làm","Game Developer Career",active,"2026-06-20 16:17:31","2026-08-14 17:00:54",,,,,,KEEP,,,
/p/meta-mlbb-m7-2026,"MLBB M7 World Championship 2026 - Dự đoán & Nhận quà",landing_page,"Landing Page","Game Development",active,"2026-02-25 20:31:27","2026-03-25 20:26:02",,,,,,KEEP,,,
/p/mini-game-m7,"Pick'em M7 2026 - Dự đoán vô địch & Nhận quà",landing_page,"Landing Page","Game Development",active,"2026-02-26 17:07:54","2026-04-05 00:10:28",,,,,,KEEP,,,
/p/ung-dung-lotto-live,"Ứng dụng Lotto Live",landing_page,"Landing Page",Lottery,active,"2026-03-06 17:34:01","2026-08-13 23:22:58",,,,,,REMOVE,,P0,"Non-Game Dev content"
/p/lottolive,"Lotto Live — Tra cứu kết quả xổ số",landing_page,"Landing Page",Lottery,active,"2026-04-15 22:54:08","2026-08-14 16:23:01",,,,,,REMOVE,,P0,"Non-Game Dev content"
/xo-so,"Xổ số",static_page,Non-Core,Lottery,active,,,,,,,,MIGRATE/REMOVE,,P0,"Non-Game Dev content - check GSC before action"
/xo-so/mien-bac,"Xổ số Miền Bắc",static_page,Non-Core,Lottery,active,,,,,,,,MIGRATE/REMOVE,,P0,"Non-Game Dev content - check GSC before action"
/xo-so/mien-trung,"Xổ số Miền Trung",static_page,Non-Core,Lottery,active,,,,,,,,MIGRATE/REMOVE,,P0,"Non-Game Dev content - check GSC before action"
/xo-so/mien-nam,"Xổ số Miền Nam",static_page,Non-Core,Lottery,active,,,,,,,,MIGRATE/REMOVE,,P0,"Non-Game Dev content - check GSC before action"
/xo-so/vietlott,Vietlott,static_page,Non-Core,Lottery,active,,,,,,,,MIGRATE/REMOVE,,P0,"Non-Game Dev content - check GSC before action"
/xo-so/vietlott/keno,Keno,static_page,Non-Core,Lottery,active,,,,,,,,MIGRATE/REMOVE,,P0,"Non-Game Dev content - check GSC before action"
/xo-so/vietlott/power-655,"Power 6/55",static_page,Non-Core,Lottery,active,,,,,,,,MIGRATE/REMOVE,,P0,"Non-Game Dev content - check GSC before action"
/xo-so/vietlott/mega-645,"Mega 6/45",static_page,Non-Core,Lottery,active,,,,,,,,MIGRATE/REMOVE,,P0,"Non-Game Dev content - check GSC before action"
/xo-so/thong-ke,"Thống kê xổ số",static_page,Non-Core,Lottery,active,,,,,,,,MIGRATE/REMOVE,,P0,"Non-Game Dev content - check GSC before action"
/xo-so/do-so,"Dò số",static_page,Non-Core,Lottery,active,,,,,,,,MIGRATE/REMOVE,,P0,"Non-Game Dev content - check GSC before action"
/xo-so/lich-quay,"Lịch quay",static_page,Non-Core,Lottery,active,,,,,,,,MIGRATE/REMOVE,,P0,"Non-Game Dev content - check GSC before action"
/lottolive,"Lotto Live",static_page,Non-Core,Lottery,active,,,,,,,,MIGRATE/REMOVE,,P0,"Non-Game Dev content - check GSC before action"
/the-thao,"Thể thao",static_page,Non-Core,Sport,active,,,,,,,,MIGRATE/REMOVE,,P0,"Non-Game Dev content - check GSC before action"
/the-thao/lich-thi-dau,"Lịch thi đấu",static_page,Non-Core,Sport,active,,,,,,,,MIGRATE/REMOVE,,P0,"Non-Game Dev content - check GSC before action"
/world-cup-2026,"World Cup 2026",static_page,Non-Core,Sport/Football,active,,,,,,,,MIGRATE/REMOVE,,P0,"Non-Game Dev content - check GSC before action"
